x-axis,1,2
second,Volt,Volt
-500.0000E-03,+738.7720E-03,+336.8E-06
-499.5000E-03,+731.2343E-03,+331.2E-06
-499.0000E-03,+727.0132E-03,+239.2E-06
-498.5000E-03,+722.3901E-03,+196.3E-06
-498.0000E-03,+718.6715E-03,+329.0E-06
-497.5000E-03,+713.1438E-03,+331.8E-06
-497.0000E-03,+708.5207E-03,+404.2E-06
-496.5000E-03,+701.3850E-03,+251.4E-06
-496.0000E-03,+696.0584E-03,+225.7E-06
-495.5000E-03,+687.1137E-03,+258.0E-06
-495.0000E-03,+682.4906E-03,+234.3E-06
-494.5000E-03,+675.3549E-03,+136.8E-06
-494.0000E-03,+668.4202E-03,+88.4E-06
-493.5000E-03,+661.0835E-03,+71.5E-06
-493.0000E-03,+653.3448E-03,+125.0E-06
-492.5000E-03,+646.8122E-03,+199.2E-06
-492.0000E-03,+639.6765E-03,+226.1E-06
-491.5000E-03,+632.5408E-03,+155.5E-06
-491.0000E-03,+625.1036E-03,+135.0E-06
-490.5000E-03,+615.7569E-03,+169.6E-06
-490.0000E-03,+608.1187E-03,+114.7E-06
-489.5000E-03,+598.9730E-03,+83.6E-06
-489.0000E-03,+591.8373E-03,+183.5E-06
-488.5000E-03,+582.1891E-03,+156.1E-06
-488.0000E-03,+572.5408E-03,+90.4E-06
-487.5000E-03,+562.8926E-03,-30.0E-06
-487.0000E-03,+553.2443E-03,+88.4E-06
-486.5000E-03,+544.4001E-03,+141.5E-06
-486.0000E-03,+535.1539E-03,+87.6E-06
-485.5000E-03,+525.2041E-03,+83.8E-06
-485.0000E-03,+517.6665E-03,+93.6E-06
-484.5000E-03,+509.9278E-03,+28.9E-06
-484.0000E-03,+500.3800E-03,+32.7E-06
-483.5000E-03,+490.0283E-03,+61.7E-06
-483.0000E-03,+481.0835E-03,+64.3E-06
-482.5000E-03,+473.9479E-03,-5.9E-06
-482.0000E-03,+463.6966E-03,-91.9E-06
-481.5000E-03,+452.1388E-03,-157.4E-06
-481.0000E-03,+440.1790E-03,-114.6E-06
-480.5000E-03,+433.4453E-03,-32.2E-06
-480.0000E-03,+422.1891E-03,-96.3E-06
-479.5000E-03,+411.0333E-03,-68.4E-06
-479.0000E-03,+398.8725E-03,+12.6E-06
-478.5000E-03,+388.9227E-03,+45.4E-06
-478.0000E-03,+377.1639E-03,+93.6E-06
-477.5000E-03,+367.4152E-03,+186.1E-06
-477.0000E-03,+355.2544E-03,-138.3E-06
-476.5000E-03,+341.8876E-03,-381.6E-06
-476.0000E-03,+329.2242E-03,-220.5E-06
-475.5000E-03,+320.8825E-03,-297.5E-06
-475.0000E-03,+309.1237E-03,-150.6E-06
-474.5000E-03,+294.4504E-03,-132.3E-06
-474.0000E-03,+283.0936E-03,-152.0E-06
-473.5000E-03,+272.6413E-03,-169.9E-06
-473.0000E-03,+257.9680E-03,-372.5E-06
-472.5000E-03,+245.8072E-03,-159.6E-06
-472.0000E-03,+233.6464E-03,-264.4E-06
-471.5000E-03,+221.4855E-03,-102.8E-06
-471.0000E-03,+209.3247E-03,-99.7E-06
-470.5000E-03,+197.1639E-03,-388.2E-06
-470.0000E-03,+185.0031E-03,-491.3E-06
-469.5000E-03,+172.2393E-03,-406.3E-06
-469.0000E-03,+160.6815E-03,-200.4E-06
-468.5000E-03,+148.3197E-03,-308.8E-06
-468.0000E-03,+134.4504E-03,-238.8E-06
-467.5000E-03,+121.6866E-03,-284.3E-06
-467.0000E-03,+109.5258E-03,-329.5E-06
-466.5000E-03,+94.8524E-03,-399.0E-06
-466.0000E-03,+82.6916E-03,-387.2E-06
-465.5000E-03,+73.0433E-03,-374.5E-06
-465.0000E-03,+58.8725E-03,-374.7E-06
-464.5000E-03,+46.2092E-03,-388.6E-06
-464.0000E-03,+34.0484E-03,-359.0E-06
-463.5000E-03,+19.3750E-03,-350.2E-06
-463.0000E-03,+7.2142E-03,-313.4E-06
-462.5000E-03,-4.9466E-03,-396.8E-06
-462.0000E-03,-16.7054E-03,-392.6E-06
-461.5000E-03,-26.7557E-03,-358.8E-06
-461.0000E-03,-41.4290E-03,-433.2E-06
-460.5000E-03,-51.0773E-03,-400.8E-06
-460.0000E-03,-65.7506E-03,-408.9E-06
-459.5000E-03,-77.9114E-03,-460.1E-06
-459.0000E-03,-87.5597E-03,-468.6E-06
-458.5000E-03,-99.7205E-03,-544.4E-06
-458.0000E-03,-114.3938E-03,-539.7E-06
-457.5000E-03,-124.0421E-03,-552.6E-06
-457.0000E-03,-134.2933E-03,-505.4E-06
-456.5000E-03,-148.5647E-03,-460.3E-06
-456.0000E-03,-160.5245E-03,-456.9E-06
-455.5000E-03,-172.6853E-03,-540.7E-06
-455.0000E-03,-186.3536E-03,-539.5E-06
-454.5000E-03,-199.5195E-03,-558.2E-06
-454.0000E-03,-211.6803E-03,-676.0E-06
-453.5000E-03,-221.6300E-03,-647.1E-06
-453.0000E-03,-236.0019E-03,-555.0E-06
-452.5000E-03,-247.6602E-03,-553.6E-06
-452.0000E-03,-260.3235E-03,-583.6E-06
-451.5000E-03,-272.4843E-03,-607.9E-06
-451.0000E-03,-285.4491E-03,-716.4E-06
-450.5000E-03,-297.2079E-03,-629.4E-06
-450.0000E-03,-311.4793E-03,-537.5E-06
-449.5000E-03,-323.6401E-03,-587.2E-06
-449.0000E-03,-334.9969E-03,-607.5E-06
-448.5000E-03,-347.9617E-03,-695.9E-06
-448.0000E-03,-357.6099E-03,-687.7E-06
-447.5000E-03,-367.2582E-03,-713.4E-06
-447.0000E-03,-379.4190E-03,-740.7E-06
-446.5000E-03,-391.2783E-03,-726.3E-06
-446.0000E-03,-403.0371E-03,-719.8E-06
-445.5000E-03,-410.8763E-03,-661.8E-06
-445.0000E-03,-424.0421E-03,-630.0E-06
-444.5000E-03,-435.8009E-03,-688.9E-06
-444.0000E-03,-444.8461E-03,-653.1E-06
-443.5000E-03,-457.0069E-03,-666.2E-06
-443.0000E-03,-468.5647E-03,-741.6E-06
-442.5000E-03,-478.8160E-03,-754.6E-06
-442.0000E-03,-488.4642E-03,-759.2E-06
-441.5000E-03,-498.1124E-03,-757.8E-06
-441.0000E-03,-510.2732E-03,-780.7E-06
-440.5000E-03,-519.9215E-03,-870.8E-06
-440.0000E-03,-529.5697E-03,-770.7E-06
-439.5000E-03,-540.8260E-03,-720.0E-06
-439.0000E-03,-551.3788E-03,-728.1E-06
-438.5000E-03,-561.0270E-03,-760.2E-06
-438.0000E-03,-568.1627E-03,-838.8E-06
-437.5000E-03,-577.8109E-03,-783.8E-06
-437.0000E-03,-587.4592E-03,-827.6E-06
-436.5000E-03,-597.1074E-03,-841.7E-06
-436.0000E-03,-605.4491E-03,-886.3E-06
-435.5000E-03,-612.9868E-03,-811.3E-06
-435.0000E-03,-621.0270E-03,-813.9E-06
-434.5000E-03,-630.6752E-03,-886.9E-06
-434.0000E-03,-640.3235E-03,-847.1E-06
-433.5000E-03,-645.6501E-03,-847.7E-06
-433.0000E-03,-652.0823E-03,-843.1E-06
-432.5000E-03,-660.7255E-03,-881.2E-06
-432.0000E-03,-668.8662E-03,-870.4E-06
-431.5000E-03,-678.5144E-03,-827.6E-06
-431.0000E-03,-685.6501E-03,-855.1E-06
-430.5000E-03,-692.7858E-03,-954.8E-06
-430.0000E-03,-699.9215E-03,-830.0E-06
-429.5000E-03,-708.1627E-03,-797.8E-06
-429.0000E-03,-715.2984E-03,-777.3E-06
-428.5000E-03,-719.1175E-03,-810.3E-06
-428.0000E-03,-725.9516E-03,-768.9E-06
-427.5000E-03,-733.0873E-03,-850.1E-06
-427.0000E-03,-738.6149E-03,-878.0E-06
-426.5000E-03,-743.5396E-03,-845.9E-06
-426.0000E-03,-749.4692E-03,-885.1E-06
-425.5000E-03,-756.2029E-03,-898.9E-06
-425.0000E-03,-761.2280E-03,-919.4E-06
-424.5000E-03,-765.8511E-03,-964.3E-06
-424.0000E-03,-771.2783E-03,-781.8E-06
-423.5000E-03,-776.3034E-03,-856.9E-06
-423.0000E-03,-779.7205E-03,-916.6E-06
-422.5000E-03,-783.8411E-03,-942.6E-06
-422.0000E-03,-788.9667E-03,-938.9E-06
-421.5000E-03,-793.8913E-03,-913.6E-06
-421.0000E-03,-796.4039E-03,-904.2E-06
-420.5000E-03,-800.3235E-03,-885.7E-06
-420.0000E-03,-803.9416E-03,-840.0E-06
-419.5000E-03,-804.5446E-03,-839.0E-06
-419.0000E-03,-808.9667E-03,-800.4E-06
-418.5000E-03,-808.9667E-03,-808.5E-06
-418.0000E-03,-813.3888E-03,-804.1E-06
-417.5000E-03,-815.4994E-03,-894.3E-06
-417.0000E-03,-817.6099E-03,-916.8E-06
-416.5000E-03,-819.7205E-03,-822.8E-06
-416.0000E-03,-821.5295E-03,-852.3E-06
-415.5000E-03,-824.0421E-03,-870.4E-06
-415.0000E-03,-824.5446E-03,-861.1E-06
-414.5000E-03,-825.6501E-03,-875.8E-06
-414.0000E-03,-827.7607E-03,-839.6E-06
-413.5000E-03,-829.0672E-03,-869.8E-06
-413.0000E-03,-828.6652E-03,-810.1E-06
-412.5000E-03,-829.0672E-03,-808.9E-06
-412.0000E-03,-829.4692E-03,-926.7E-06
-411.5000E-03,-829.0672E-03,-841.7E-06
-411.0000E-03,-827.7607E-03,-818.1E-06
-410.5000E-03,-826.5546E-03,-794.0E-06
-410.0000E-03,-828.5647E-03,-815.9E-06
-409.5000E-03,-826.5546E-03,-870.2E-06
-409.0000E-03,-826.5546E-03,-858.7E-06
-408.5000E-03,-824.0421E-03,-763.3E-06
-408.0000E-03,-822.6350E-03,-757.6E-06
-407.5000E-03,-820.5245E-03,-803.9E-06
-407.0000E-03,-819.0170E-03,-819.1E-06
-406.5000E-03,-818.8159E-03,-794.2E-06
-406.0000E-03,-814.1928E-03,-793.4E-06
-405.5000E-03,-813.9918E-03,-805.1E-06
-405.0000E-03,-811.4793E-03,-856.1E-06
-404.5000E-03,-808.9667E-03,-733.5E-06
-404.0000E-03,-806.4541E-03,-648.3E-06
-403.5000E-03,-803.6401E-03,-715.6E-06
-403.0000E-03,-801.4290E-03,-729.1E-06
-402.5000E-03,-796.9064E-03,-692.3E-06
-402.0000E-03,-792.2833E-03,-713.2E-06
-401.5000E-03,-790.1727E-03,-727.3E-06
-401.0000E-03,-783.8411E-03,-770.7E-06
-400.5000E-03,-780.9265E-03,-760.8E-06
-400.0000E-03,-776.3034E-03,-698.3E-06
-399.5000E-03,-771.2783E-03,-772.3E-06
-399.0000E-03,-766.2531E-03,-743.0E-06
-398.5000E-03,-761.2280E-03,-765.9E-06
-398.0000E-03,-755.2984E-03,-627.6E-06
-397.5000E-03,-751.1778E-03,-632.0E-06
-397.0000E-03,-743.6401E-03,-651.1E-06
-396.5000E-03,-738.9164E-03,-666.4E-06
-396.0000E-03,-731.7808E-03,-638.0E-06
-395.5000E-03,-727.1577E-03,-648.1E-06
-395.0000E-03,-721.0270E-03,-537.5E-06
-394.5000E-03,-715.3989E-03,-597.6E-06
-394.0000E-03,-708.2632E-03,-756.2E-06
-393.5000E-03,-700.9265E-03,-747.6E-06
-393.0000E-03,-691.4793E-03,-585.4E-06
-392.5000E-03,-684.3436E-03,-559.6E-06
-392.0000E-03,-675.8009E-03,-542.6E-06
-391.5000E-03,-668.2632E-03,-494.7E-06
-391.0000E-03,-660.1225E-03,-481.2E-06
-390.5000E-03,-653.1878E-03,-582.4E-06
-390.0000E-03,-646.1526E-03,-571.7E-06
-389.5000E-03,-639.0169E-03,-579.7E-06
-389.0000E-03,-631.8813E-03,-493.3E-06
-388.5000E-03,-624.7456E-03,-502.0E-06
-388.0000E-03,-612.9868E-03,-476.6E-06
-387.5000E-03,-605.4491E-03,-432.0E-06
-387.0000E-03,-598.3134E-03,-477.0E-06
-386.5000E-03,-588.6652E-03,-480.6E-06
-386.0000E-03,-579.0170E-03,-430.2E-06
-385.5000E-03,-570.9767E-03,-486.9E-06
-385.0000E-03,-560.2230E-03,-420.9E-06
-384.5000E-03,-550.1727E-03,-421.8E-06
-384.0000E-03,-540.4240E-03,-321.5E-06
-383.5000E-03,-530.0722E-03,-351.0E-06
-383.0000E-03,-519.7205E-03,-357.2E-06
-382.5000E-03,-510.4742E-03,-384.8E-06
-382.0000E-03,-498.7154E-03,-401.0E-06
-381.5000E-03,-489.4692E-03,-422.2E-06
-381.0000E-03,-480.0220E-03,-327.5E-06
-380.5000E-03,-468.4642E-03,-394.6E-06
-380.0000E-03,-457.2079E-03,-271.2E-06
-379.5000E-03,-446.0521E-03,-288.1E-06
-379.0000E-03,-436.4039E-03,-377.9E-06
-378.5000E-03,-421.7305E-03,-407.5E-06
-378.0000E-03,-412.1828E-03,-418.9E-06
-377.5000E-03,-402.4340E-03,-557.6E-06
-377.0000E-03,-390.2732E-03,-319.8E-06
-376.5000E-03,-380.6250E-03,-25.2E-06
-376.0000E-03,-368.4642E-03,-144.2E-06
-375.5000E-03,-361.3285E-03,-84.9E-06
-375.0000E-03,-349.1677E-03,-226.0E-06
-374.5000E-03,-334.8963E-03,-256.9E-06
-374.0000E-03,-324.8461E-03,-219.5E-06
-373.5000E-03,-315.1979E-03,-186.4E-06
-373.0000E-03,-299.6200E-03,-7.7E-06
-372.5000E-03,-285.8511E-03,-212.9E-06
-372.0000E-03,-273.6903E-03,-106.6E-06
-371.5000E-03,-261.5295E-03,-296.5E-06
-371.0000E-03,-249.3687E-03,-343.4E-06
-370.5000E-03,-237.2079E-03,-78.2E-06
-370.0000E-03,-225.0471E-03,+47.4E-06
-369.5000E-03,-212.2833E-03,-37.8E-06
-369.0000E-03,-200.7255E-03,-167.5E-06
-368.5000E-03,-188.5647E-03,-50.7E-06
-368.0000E-03,-175.0973E-03,-49.1E-06
-367.5000E-03,-162.7355E-03,-43.1E-06
-367.0000E-03,-152.0823E-03,-9.9E-06
-366.5000E-03,-139.2180E-03,-60.5E-06
-366.0000E-03,-127.7607E-03,-45.7E-06
-365.5000E-03,-118.0119E-03,-55.5E-06
-365.0000E-03,-105.9516E-03,-52.1E-06
-364.5000E-03,-91.2783E-03,+5.4E-06
-364.0000E-03,-81.6300E-03,+64.3E-06
-363.5000E-03,-69.4692E-03,-12.9E-06
-363.0000E-03,-54.7958E-03,+98.2E-06
-362.5000E-03,-42.6350E-03,+150.9E-06
-362.0000E-03,-32.9868E-03,+96.8E-06
-361.5000E-03,-19.1175E-03,+116.1E-06
-361.0000E-03,-6.1526E-03,+118.3E-06
-360.5000E-03,+3.4956E-03,+44.2E-06
-360.0000E-03,+16.1589E-03,+52.4E-06
-359.5000E-03,+30.3298E-03,+131.0E-06
-359.0000E-03,+42.1891E-03,+207.4E-06
-358.5000E-03,+56.4604E-03,+161.6E-06
-358.0000E-03,+69.3248E-03,+71.5E-06
-357.5000E-03,+81.4856E-03,+119.8E-06
-357.0000E-03,+91.7368E-03,+170.6E-06
-356.5000E-03,+105.8072E-03,+127.2E-06
-356.0000E-03,+117.9680E-03,+156.3E-06
-355.5000E-03,+130.1288E-03,+200.6E-06
-355.0000E-03,+144.8021E-03,+213.2E-06
-354.5000E-03,+156.9629E-03,+170.2E-06
-354.0000E-03,+169.1237E-03,+76.5E-06
-353.5000E-03,+181.2846E-03,+129.4E-06
-353.0000E-03,+193.4454E-03,+37.9E-06
-352.5000E-03,+205.1037E-03,+196.1E-06
-352.0000E-03,+215.2544E-03,+225.3E-06
-351.5000E-03,+229.9278E-03,+195.3E-06
-351.0000E-03,+242.0886E-03,+227.1E-06
-350.5000E-03,+256.7619E-03,+303.7E-06
-350.0000E-03,+268.9227E-03,+402.2E-06
-349.5000E-03,+281.0835E-03,+375.8E-06
-349.0000E-03,+292.4403E-03,+240.2E-06
-348.5000E-03,+304.1991E-03,+274.1E-06
-348.0000E-03,+315.9579E-03,+287.8E-06
-347.5000E-03,+327.7167E-03,+236.3E-06
-347.0000E-03,+341.8876E-03,+267.3E-06
-346.5000E-03,+353.7469E-03,+302.1E-06
-346.0000E-03,+363.6966E-03,+324.8E-06
-345.5000E-03,+375.8574E-03,+340.5E-06
-345.0000E-03,+386.5107E-03,+323.8E-06
-344.5000E-03,+397.6665E-03,+318.5E-06
-344.0000E-03,+407.3147E-03,+256.8E-06
-343.5000E-03,+419.2745E-03,+253.2E-06
-343.0000E-03,+431.6363E-03,+336.0E-06
-342.5000E-03,+441.2845E-03,+370.0E-06
-342.0000E-03,+450.9328E-03,+381.5E-06
-341.5000E-03,+460.5810E-03,+361.2E-06
-341.0000E-03,+470.2293E-03,+385.3E-06
-340.5000E-03,+479.8775E-03,+458.0E-06
-340.0000E-03,+487.0132E-03,+351.9E-06
-339.5000E-03,+496.6614E-03,+288.4E-06
-339.0000E-03,+506.3097E-03,+358.5E-06
-338.5000E-03,+514.2494E-03,+361.2E-06
-338.0000E-03,+523.0936E-03,+422.5E-06
-337.5000E-03,+530.2293E-03,+367.0E-06
-337.0000E-03,+542.3901E-03,+355.5E-06
-336.5000E-03,+552.0383E-03,+424.1E-06
-336.0000E-03,+561.6866E-03,+390.5E-06
-335.5000E-03,+569.7268E-03,+477.7E-06
-335.0000E-03,+580.9830E-03,+395.1E-06
-334.5000E-03,+590.5308E-03,+461.5E-06
-334.0000E-03,+598.0685E-03,+427.9E-06
-333.5000E-03,+607.4152E-03,+444.0E-06
-333.0000E-03,+614.5509E-03,+444.0E-06
-332.5000E-03,+623.1941E-03,+500.7E-06
-332.0000E-03,+631.3348E-03,+411.4E-06
-331.5000E-03,+638.2695E-03,+434.9E-06
-331.0000E-03,+643.2946E-03,+401.0E-06
-330.5000E-03,+652.7418E-03,+373.6E-06
-330.0000E-03,+659.8775E-03,+462.5E-06
-329.5000E-03,+667.0132E-03,+555.5E-06
-329.0000E-03,+674.1489E-03,+535.8E-06
-328.5000E-03,+680.9830E-03,+500.9E-06
-328.0000E-03,+686.0082E-03,+458.6E-06
-327.5000E-03,+693.0433E-03,+410.2E-06
-327.0000E-03,+700.1790E-03,+449.6E-06
-326.5000E-03,+704.8021E-03,+458.4E-06
-326.0000E-03,+711.9378E-03,+460.7E-06
-325.5000E-03,+716.5609E-03,+534.4E-06
-325.0000E-03,+721.1840E-03,+557.9E-06
-324.5000E-03,+723.6966E-03,+385.3E-06
-324.0000E-03,+727.9177E-03,+530.2E-06
-323.5000E-03,+731.2343E-03,+459.7E-06
-323.0000E-03,+737.1639E-03,+495.0E-06
-322.5000E-03,+741.7871E-03,+553.9E-06
-322.0000E-03,+746.3097E-03,+515.3E-06
-321.5000E-03,+751.0333E-03,+472.1E-06
-321.0000E-03,+755.6564E-03,+472.5E-06
-320.5000E-03,+758.8725E-03,+491.0E-06
-320.0000E-03,+762.3901E-03,+528.8E-06
-319.5000E-03,+766.4102E-03,+498.2E-06
-319.0000E-03,+769.1237E-03,+495.4E-06
-318.5000E-03,+771.4353E-03,+523.6E-06
-318.0000E-03,+775.8574E-03,+534.4E-06
-317.5000E-03,+778.9730E-03,+425.3E-06
-317.0000E-03,+780.0785E-03,+402.2E-06
-316.5000E-03,+782.1891E-03,+477.9E-06
-316.0000E-03,+786.5107E-03,+412.2E-06
-315.5000E-03,+786.5107E-03,+502.5E-06
-315.0000E-03,+788.5207E-03,+467.5E-06
-314.5000E-03,+789.0232E-03,+461.1E-06
-314.0000E-03,+790.2293E-03,+477.5E-06
-313.5000E-03,+791.5358E-03,+490.2E-06
-313.0000E-03,+791.5358E-03,+455.0E-06
-312.5000E-03,+794.0484E-03,+512.7E-06
-312.0000E-03,+794.0484E-03,+404.0E-06
-311.5000E-03,+794.0484E-03,+461.1E-06
-311.0000E-03,+794.0484E-03,+458.2E-06
-310.5000E-03,+794.0484E-03,+425.5E-06
-310.0000E-03,+791.5358E-03,+376.0E-06
-309.5000E-03,+791.5358E-03,+431.9E-06
-309.0000E-03,+791.2343E-03,+414.2E-06
-308.5000E-03,+789.0232E-03,+346.3E-06
-308.0000E-03,+786.5107E-03,+338.6E-06
-307.5000E-03,+786.5107E-03,+437.3E-06
-307.0000E-03,+783.3951E-03,+423.7E-06
-306.5000E-03,+781.4855E-03,+417.6E-06
-306.0000E-03,+778.9730E-03,+397.1E-06
-305.5000E-03,+776.4604E-03,+395.9E-06
-305.0000E-03,+773.9479E-03,+378.0E-06
-304.5000E-03,+771.4353E-03,+335.2E-06
-304.0000E-03,+768.9227E-03,+302.5E-06
-303.5000E-03,+766.1087E-03,+370.8E-06
-303.0000E-03,+761.4855E-03,+378.2E-06
-302.5000E-03,+759.3750E-03,+335.8E-06
-302.0000E-03,+754.7519E-03,+337.6E-06
-301.5000E-03,+751.3348E-03,+359.8E-06
-301.0000E-03,+746.3097E-03,+327.6E-06
-300.5000E-03,+741.2845E-03,+253.8E-06
-300.0000E-03,+738.7720E-03,+346.9E-06
-299.5000E-03,+731.6363E-03,+324.6E-06
-299.0000E-03,+727.0132E-03,+217.2E-06
-298.5000E-03,+723.6966E-03,+206.2E-06
-298.0000E-03,+718.6715E-03,+337.6E-06
-297.5000E-03,+713.1438E-03,+327.8E-06
-297.0000E-03,+708.6212E-03,+399.2E-06
-296.5000E-03,+701.3850E-03,+236.9E-06
-296.0000E-03,+696.7619E-03,+219.9E-06
-295.5000E-03,+687.1137E-03,+247.4E-06
-295.0000E-03,+683.4956E-03,+223.3E-06
-294.5000E-03,+675.9579E-03,+134.2E-06
-294.0000E-03,+670.7318E-03,+107.7E-06
-293.5000E-03,+663.5961E-03,+90.0E-06
-293.0000E-03,+655.8574E-03,+160.4E-06
-292.5000E-03,+646.8122E-03,+235.3E-06
-292.0000E-03,+640.7820E-03,+267.9E-06
-291.5000E-03,+632.5408E-03,+192.1E-06
-291.0000E-03,+625.4051E-03,+168.4E-06
-290.5000E-03,+615.7569E-03,+205.2E-06
-290.0000E-03,+608.6212E-03,+148.9E-06
-289.5000E-03,+601.4855E-03,+101.9E-06
-289.0000E-03,+593.0433E-03,+188.3E-06
-288.5000E-03,+582.1891E-03,+168.2E-06
-288.0000E-03,+572.5408E-03,+112.3E-06
-287.5000E-03,+562.8926E-03,-9.9E-06
-287.0000E-03,+555.7569E-03,+87.6E-06
-286.5000E-03,+544.4001E-03,+138.2E-06
-286.0000E-03,+533.9479E-03,+84.6E-06
-285.5000E-03,+526.8122E-03,+80.2E-06
-285.0000E-03,+517.6665E-03,+103.7E-06
-284.5000E-03,+510.0283E-03,+28.1E-06
-284.0000E-03,+500.3800E-03,+46.4E-06
-283.5000E-03,+490.7318E-03,+69.5E-06
-283.0000E-03,+481.0835E-03,+66.5E-06
-282.5000E-03,+472.9428E-03,+7.2E-06
-282.0000E-03,+463.6966E-03,-66.8E-06
-281.5000E-03,+452.1388E-03,-151.2E-06
-281.0000E-03,+442.4906E-03,-95.3E-06
-280.5000E-03,+433.4453E-03,-25.0E-06
-280.0000E-03,+422.1891E-03,-70.2E-06
-279.5000E-03,+411.0333E-03,-53.3E-06
-279.0000E-03,+401.3850E-03,+16.8E-06
-278.5000E-03,+389.2242E-03,+56.0E-06
-278.0000E-03,+379.5760E-03,+103.1E-06
-277.5000E-03,+367.4152E-03,+178.0E-06
-277.0000E-03,+353.6463E-03,-132.5E-06
-276.5000E-03,+344.4001E-03,-353.2E-06
-276.0000E-03,+329.2242E-03,-193.6E-06
-275.5000E-03,+321.2845E-03,-278.2E-06
-275.0000E-03,+306.6112E-03,-130.5E-06
-274.5000E-03,+294.4504E-03,-117.2E-06
-274.0000E-03,+282.2896E-03,-140.3E-06
-273.5000E-03,+272.6413E-03,-157.8E-06
-273.0000E-03,+257.9680E-03,-345.6E-06
-272.5000E-03,+245.8072E-03,-139.5E-06
-272.0000E-03,+233.6463E-03,-235.4E-06
-271.5000E-03,+223.9981E-03,-58.7E-06
-271.0000E-03,+209.3247E-03,-72.2E-06
-270.5000E-03,+197.1639E-03,-375.3E-06
-270.0000E-03,+185.0031E-03,-477.2E-06
-269.5000E-03,+172.8423E-03,-389.0E-06
-269.0000E-03,+160.4805E-03,-188.4E-06
-268.5000E-03,+148.3197E-03,-289.1E-06
-268.0000E-03,+134.4504E-03,-227.6E-06
-267.5000E-03,+121.6865E-03,-278.2E-06
-267.0000E-03,+109.5257E-03,-301.6E-06
-266.5000E-03,+94.8524E-03,-376.1E-06
-266.0000E-03,+84.9026E-03,-377.1E-06
-265.5000E-03,+73.0433E-03,-344.2E-06
-265.0000E-03,+60.8825E-03,-359.6E-06
-264.5000E-03,+48.7217E-03,-393.6E-06
-264.0000E-03,+36.5609E-03,-361.5E-06
-263.5000E-03,+21.8876E-03,-355.2E-06
-263.0000E-03,+7.6162E-03,-335.3E-06
-262.5000E-03,-2.4341E-03,-406.9E-06
-262.0000E-03,-14.1929E-03,-409.5E-06
-261.5000E-03,-26.7557E-03,-370.7E-06
-261.0000E-03,-38.9165E-03,-438.2E-06
-260.5000E-03,-51.0773E-03,-390.8E-06
-260.0000E-03,-65.7506E-03,-408.9E-06
-259.5000E-03,-77.8109E-03,-469.6E-06
-259.0000E-03,-87.5597E-03,-467.4E-06
-258.5000E-03,-99.7205E-03,-517.0E-06
-258.0000E-03,-114.3939E-03,-516.8E-06
-257.5000E-03,-124.0421E-03,-539.5E-06
-257.0000E-03,-134.2934E-03,-476.4E-06
-256.5000E-03,-148.3637E-03,-430.6E-06
-256.0000E-03,-160.5245E-03,-433.0E-06
-255.5000E-03,-170.7758E-03,-535.9E-06
-255.0000E-03,-184.8461E-03,-511.4E-06
-254.5000E-03,-197.0069E-03,-526.5E-06
-254.0000E-03,-209.8712E-03,-646.7E-06
-253.5000E-03,-221.3285E-03,-630.2E-06
-253.0000E-03,-235.9014E-03,-530.3E-06
-252.5000E-03,-245.6501E-03,-541.6E-06
-252.0000E-03,-257.8109E-03,-571.7E-06
-251.5000E-03,-271.1778E-03,-605.3E-06
-251.0000E-03,-284.6451E-03,-712.8E-06
-250.5000E-03,-294.6954E-03,-619.3E-06
-250.0000E-03,-306.4542E-03,-532.5E-06
-249.5000E-03,-321.1275E-03,-588.0E-06
-249.0000E-03,-331.5798E-03,-593.8E-06
-248.5000E-03,-345.4491E-03,-685.9E-06
-248.0000E-03,-356.0019E-03,-667.6E-06
-247.5000E-03,-366.7556E-03,-687.3E-06
-247.0000E-03,-376.9064E-03,-720.8E-06
-246.5000E-03,-388.7657E-03,-699.3E-06
-246.0000E-03,-400.5245E-03,-707.6E-06
-245.5000E-03,-410.8763E-03,-657.7E-06
-245.0000E-03,-421.5295E-03,-632.0E-06
-244.5000E-03,-432.6853E-03,-687.7E-06
-244.0000E-03,-442.5346E-03,-667.8E-06
-243.5000E-03,-454.4943E-03,-651.5E-06
-243.0000E-03,-466.0521E-03,-752.8E-06
-242.5000E-03,-477.8109E-03,-761.7E-06
-242.0000E-03,-485.9516E-03,-737.9E-06
-241.5000E-03,-496.3034E-03,-739.1E-06
-241.0000E-03,-507.7607E-03,-763.9E-06
-240.5000E-03,-517.5094E-03,-860.5E-06
-240.0000E-03,-527.5597E-03,-760.6E-06
-239.5000E-03,-539.2180E-03,-678.0E-06
-239.0000E-03,-548.8662E-03,-705.6E-06
-238.5000E-03,-558.5144E-03,-739.9E-06
-238.0000E-03,-568.1627E-03,-801.9E-06
-237.5000E-03,-577.8109E-03,-753.6E-06
-237.0000E-03,-585.3486E-03,-804.1E-06
-236.5000E-03,-595.3989E-03,-831.8E-06
-236.0000E-03,-602.9366E-03,-858.9E-06
-235.5000E-03,-610.4742E-03,-785.2E-06
-235.0000E-03,-618.5144E-03,-763.7E-06
-234.5000E-03,-630.6753E-03,-861.8E-06
-234.0000E-03,-637.8109E-03,-826.4E-06
-233.5000E-03,-643.1376E-03,-826.2E-06
-233.0000E-03,-650.6752E-03,-823.0E-06
-232.5000E-03,-659.2180E-03,-884.3E-06
-232.0000E-03,-668.2632E-03,-855.3E-06
-231.5000E-03,-676.0019E-03,-807.1E-06
-231.0000E-03,-683.3386E-03,-843.9E-06
-230.5000E-03,-692.7858E-03,-933.5E-06
-230.0000E-03,-698.4139E-03,-797.8E-06
-229.5000E-03,-707.0572E-03,-756.0E-06
-229.0000E-03,-713.4893E-03,-753.6E-06
-228.5000E-03,-719.1175E-03,-803.5E-06
-228.0000E-03,-725.9516E-03,-772.7E-06
-227.5000E-03,-733.0873E-03,-828.0E-06
-227.0000E-03,-737.7104E-03,-856.1E-06
-226.5000E-03,-743.6401E-03,-830.8E-06
-226.0000E-03,-749.4692E-03,-872.0E-06
-225.5000E-03,-754.0923E-03,-892.5E-06
-225.0000E-03,-761.2280E-03,-899.3E-06
-224.5000E-03,-766.2531E-03,-941.8E-06
-224.0000E-03,-771.2783E-03,-771.9E-06
-223.5000E-03,-776.3034E-03,-824.4E-06
-223.0000E-03,-779.7205E-03,-891.5E-06
-222.5000E-03,-784.3436E-03,-937.5E-06
-222.0000E-03,-788.8662E-03,-924.9E-06
-221.5000E-03,-791.3788E-03,-880.2E-06
-221.0000E-03,-796.4039E-03,-884.1E-06
-220.5000E-03,-800.3235E-03,-856.5E-06
-220.0000E-03,-801.4290E-03,-836.0E-06
-219.5000E-03,-804.5446E-03,-830.2E-06
-219.0000E-03,-808.9667E-03,-776.1E-06
-218.5000E-03,-808.9667E-03,-794.2E-06
-218.0000E-03,-813.3888E-03,-781.4E-06
-217.5000E-03,-815.4994E-03,-881.2E-06
-217.0000E-03,-817.6099E-03,-887.3E-06
-216.5000E-03,-819.7205E-03,-797.6E-06
-216.0000E-03,-821.5295E-03,-839.0E-06
-215.5000E-03,-823.9416E-03,-845.7E-06
-215.0000E-03,-824.0421E-03,-849.1E-06
-214.5000E-03,-825.6501E-03,-859.3E-06
-214.0000E-03,-826.5546E-03,-839.6E-06
-213.5000E-03,-828.2632E-03,-839.6E-06
-213.0000E-03,-829.0672E-03,-787.4E-06
-212.5000E-03,-829.0672E-03,-813.9E-06
-212.0000E-03,-829.4692E-03,-921.7E-06
-211.5000E-03,-829.0672E-03,-853.3E-06
-211.0000E-03,-829.0672E-03,-845.7E-06
-210.5000E-03,-827.4592E-03,-801.2E-06
-210.0000E-03,-829.0672E-03,-835.0E-06
-209.5000E-03,-826.5546E-03,-885.1E-06
-209.0000E-03,-826.5546E-03,-874.4E-06
-208.5000E-03,-825.8511E-03,-759.6E-06
-208.0000E-03,-822.6350E-03,-760.4E-06
-207.5000E-03,-821.5295E-03,-793.8E-06
-207.0000E-03,-819.0170E-03,-799.0E-06
-206.5000E-03,-818.8159E-03,-793.8E-06
-206.0000E-03,-814.1928E-03,-762.9E-06
-205.5000E-03,-813.9918E-03,-786.2E-06
-205.0000E-03,-811.4793E-03,-818.9E-06
-204.5000E-03,-808.9667E-03,-713.4E-06
-204.0000E-03,-806.4541E-03,-619.5E-06
-203.5000E-03,-803.6401E-03,-708.8E-06
-203.0000E-03,-801.4290E-03,-729.3E-06
-202.5000E-03,-798.9164E-03,-711.4E-06
-202.0000E-03,-794.7958E-03,-719.2E-06
-201.5000E-03,-790.1727E-03,-726.9E-06
-201.0000E-03,-785.5496E-03,-760.6E-06
-200.5000E-03,-781.3285E-03,-770.1E-06
-200.0000E-03,-778.8159E-03,-698.3E-06
-199.5000E-03,-771.6803E-03,-756.2E-06
-199.0000E-03,-767.0571E-03,-739.5E-06
-198.5000E-03,-762.4340E-03,-783.4E-06
-198.0000E-03,-755.2983E-03,-646.3E-06
-197.5000E-03,-753.1878E-03,-618.9E-06
-197.0000E-03,-746.0521E-03,-666.2E-06
-196.5000E-03,-738.9164E-03,-651.3E-06
-196.0000E-03,-734.2933E-03,-633.0E-06
-195.5000E-03,-728.5647E-03,-633.6E-06
-195.0000E-03,-721.0270E-03,-509.4E-06
-194.5000E-03,-715.3989E-03,-597.6E-06
-194.0000E-03,-708.2632E-03,-751.2E-06
-193.5000E-03,-701.1275E-03,-738.7E-06
-193.0000E-03,-693.3888E-03,-584.2E-06
-192.5000E-03,-685.8511E-03,-558.6E-06
-192.0000E-03,-678.3134E-03,-551.6E-06
-191.5000E-03,-670.0722E-03,-522.9E-06
-191.0000E-03,-660.4240E-03,-529.7E-06
-190.5000E-03,-655.7004E-03,-606.9E-06
-190.0000E-03,-646.1526E-03,-590.8E-06
-189.5000E-03,-639.0169E-03,-593.0E-06
-189.0000E-03,-631.8813E-03,-506.0E-06
-188.5000E-03,-623.0371E-03,-510.6E-06
-188.0000E-03,-612.9868E-03,-478.2E-06
-187.5000E-03,-605.4491E-03,-442.1E-06
-187.0000E-03,-598.3134E-03,-451.9E-06
-186.5000E-03,-588.6652E-03,-472.0E-06
-186.0000E-03,-579.0169E-03,-435.4E-06
-185.5000E-03,-569.3687E-03,-489.1E-06
-185.0000E-03,-562.2330E-03,-422.0E-06
-184.5000E-03,-552.5848E-03,-407.3E-06
-184.0000E-03,-540.7255E-03,-317.0E-06
-183.5000E-03,-532.5848E-03,-343.8E-06
-183.0000E-03,-521.1275E-03,-358.8E-06
-182.5000E-03,-512.9868E-03,-385.8E-06
-182.0000E-03,-501.2280E-03,-398.6E-06
-181.5000E-03,-491.9818E-03,-446.9E-06
-181.0000E-03,-480.0220E-03,-366.1E-06
-180.5000E-03,-468.4642E-03,-421.2E-06
-180.0000E-03,-458.2129E-03,-296.3E-06
-179.5000E-03,-446.0521E-03,-288.1E-06
-179.0000E-03,-436.4039E-03,-394.4E-06
-178.5000E-03,-424.2431E-03,-408.1E-06
-178.0000E-03,-412.1828E-03,-433.4E-06
-177.5000E-03,-402.4340E-03,-551.6E-06
-177.0000E-03,-391.1777E-03,-299.7E-06
-176.5000E-03,-381.9315E-03,-17.7E-06
-176.0000E-03,-368.4642E-03,-139.3E-06
-175.5000E-03,-361.3285E-03,-50.5E-06
-175.0000E-03,-349.1677E-03,-215.9E-06
-174.5000E-03,-334.8963E-03,-231.8E-06
-174.0000E-03,-324.8461E-03,-223.2E-06
-173.5000E-03,-313.8913E-03,-178.9E-06
-173.0000E-03,-299.6200E-03,-12.3E-06
-172.5000E-03,-288.3637E-03,-229.0E-06
-172.0000E-03,-276.1024E-03,-130.5E-06
-171.5000E-03,-264.0421E-03,-309.8E-06
-171.0000E-03,-249.3687E-03,-356.4E-06
-170.5000E-03,-237.2079E-03,-95.5E-06
-170.0000E-03,-227.5597E-03,+37.3E-06
-169.5000E-03,-212.8863E-03,-63.0E-06
-169.0000E-03,-200.7255E-03,-201.5E-06
-168.5000E-03,-190.8763E-03,-71.6E-06
-168.0000E-03,-175.0973E-03,-61.4E-06
-167.5000E-03,-164.2431E-03,-76.2E-06
-167.0000E-03,-152.0823E-03,-35.0E-06
-166.5000E-03,-139.9215E-03,-70.0E-06
-166.0000E-03,-127.7607E-03,-55.1E-06
-165.5000E-03,-118.0119E-03,-80.4E-06
-165.0000E-03,-103.9416E-03,-60.1E-06
-164.5000E-03,-91.2783E-03,+400E-09
-164.0000E-03,-80.4240E-03,+74.1E-06
-163.5000E-03,-69.4692E-03,-4.7E-06
-163.0000E-03,-54.7958E-03,+100.7E-06
-162.5000E-03,-42.6350E-03,+155.9E-06
-162.0000E-03,-30.4742E-03,+120.4E-06
-161.5000E-03,-18.3134E-03,+100.9E-06
-161.0000E-03,-6.1526E-03,+117.7E-06
-160.5000E-03,+3.4956E-03,+45.6E-06
-160.0000E-03,+15.6564E-03,+38.3E-06
-159.5000E-03,+30.3298E-03,+106.5E-06
-159.0000E-03,+42.4906E-03,+184.7E-06
-158.5000E-03,+54.6514E-03,+163.0E-06
-158.0000E-03,+69.3248E-03,+75.9E-06
-157.5000E-03,+81.4856E-03,+126.8E-06
-157.0000E-03,+93.6464E-03,+171.8E-06
-156.5000E-03,+108.3197E-03,+114.1E-06
-156.0000E-03,+118.1690E-03,+142.9E-06
-155.5000E-03,+132.0383E-03,+204.4E-06
-155.0000E-03,+146.3097E-03,+219.3E-06
-154.5000E-03,+156.9629E-03,+164.6E-06
-154.0000E-03,+169.1238E-03,+81.6E-06
-153.5000E-03,+183.7971E-03,+140.7E-06
-153.0000E-03,+193.4454E-03,+43.4E-06
-152.5000E-03,+205.1037E-03,+216.2E-06
-152.0000E-03,+217.7670E-03,+256.8E-06
-151.5000E-03,+232.4403E-03,+222.7E-06
-151.0000E-03,+243.7971E-03,+248.6E-06
-150.5000E-03,+256.7619E-03,+317.7E-06
-150.0000E-03,+268.9227E-03,+407.2E-06
-149.5000E-03,+281.0836E-03,+352.1E-06
-149.0000E-03,+292.4403E-03,+233.1E-06
-148.5000E-03,+304.1991E-03,+276.5E-06
-148.0000E-03,+317.5660E-03,+281.0E-06
-147.5000E-03,+327.2142E-03,+217.2E-06
-147.0000E-03,+339.3750E-03,+257.6E-06
-146.5000E-03,+351.5358E-03,+297.6E-06
-146.0000E-03,+362.9931E-03,+316.7E-06
-145.5000E-03,+374.7519E-03,+339.9E-06
-145.0000E-03,+386.5107E-03,+312.7E-06
-144.5000E-03,+397.6665E-03,+310.9E-06
-144.0000E-03,+407.5157E-03,+261.1E-06
-143.5000E-03,+419.4755E-03,+244.8E-06
-143.0000E-03,+431.6363E-03,+356.1E-06
-142.5000E-03,+441.2846E-03,+399.2E-06
-142.0000E-03,+450.9328E-03,+384.3E-06
-141.5000E-03,+460.5810E-03,+369.8E-06
-141.0000E-03,+472.4403E-03,+394.7E-06
-140.5000E-03,+479.8775E-03,+453.4E-06
-140.0000E-03,+487.0132E-03,+344.9E-06
-139.5000E-03,+496.6614E-03,+288.4E-06
-139.0000E-03,+507.5157E-03,+363.6E-06
-138.5000E-03,+515.9579E-03,+376.0E-06
-138.0000E-03,+523.0936E-03,+408.0E-06
-137.5000E-03,+532.7418E-03,+351.9E-06
-137.0000E-03,+542.3901E-03,+349.5E-06
-136.5000E-03,+552.0383E-03,+432.3E-06
-136.0000E-03,+561.6866E-03,+408.2E-06
-135.5000E-03,+571.3348E-03,+455.8E-06
-135.0000E-03,+578.9730E-03,+382.1E-06
-134.5000E-03,+590.5308E-03,+461.1E-06
-134.0000E-03,+597.7670E-03,+421.7E-06
-133.5000E-03,+604.9026E-03,+437.5E-06
-133.0000E-03,+612.0383E-03,+441.2E-06
-132.5000E-03,+621.6866E-03,+507.7E-06
-132.0000E-03,+631.3348E-03,+424.3E-06
-131.5000E-03,+638.2695E-03,+445.4E-06
-131.0000E-03,+643.2946E-03,+410.2E-06
-130.5000E-03,+652.7418E-03,+382.5E-06
-130.0000E-03,+659.8775E-03,+463.5E-06
-129.5000E-03,+667.0132E-03,+565.0E-06
-129.0000E-03,+673.4453E-03,+540.1E-06
-128.5000E-03,+680.9830E-03,+496.4E-06
-128.0000E-03,+685.9077E-03,+459.1E-06
-127.5000E-03,+691.0333E-03,+407.2E-06
-127.0000E-03,+700.1790E-03,+444.6E-06
-126.5000E-03,+704.8021E-03,+463.5E-06
-126.0000E-03,+711.9378E-03,+457.4E-06
-125.5000E-03,+716.5609E-03,+524.4E-06
-125.0000E-03,+721.1840E-03,+552.9E-06
-124.5000E-03,+725.8072E-03,+385.3E-06
-124.0000E-03,+727.9177E-03,+528.4E-06
-123.5000E-03,+731.2343E-03,+452.4E-06
-123.0000E-03,+736.2594E-03,+494.6E-06
-122.5000E-03,+741.7871E-03,+566.0E-06
-122.0000E-03,+746.4102E-03,+525.0E-06
-121.5000E-03,+751.0333E-03,+465.3E-06
-121.0000E-03,+755.6564E-03,+459.7E-06
-120.5000E-03,+758.8725E-03,+496.6E-06
-120.0000E-03,+762.3901E-03,+525.8E-06
-119.5000E-03,+766.4102E-03,+471.7E-06
-119.0000E-03,+768.9227E-03,+481.2E-06
-118.5000E-03,+771.4353E-03,+534.8E-06
-118.0000E-03,+773.9479E-03,+530.4E-06
-117.5000E-03,+776.4604E-03,+426.3E-06
-117.0000E-03,+778.9730E-03,+395.9E-06
-116.5000E-03,+781.4855E-03,+474.3E-06
-116.0000E-03,+783.9981E-03,+406.6E-06
-115.5000E-03,+786.4102E-03,+488.0E-06
-115.0000E-03,+788.5207E-03,+461.5E-06
-114.5000E-03,+789.0232E-03,+458.9E-06
-114.0000E-03,+791.5358E-03,+457.2E-06
-113.5000E-03,+789.8273E-03,+483.4E-06
-113.0000E-03,+791.5358E-03,+443.4E-06
-112.5000E-03,+794.0484E-03,+507.7E-06
-112.0000E-03,+794.0484E-03,+394.7E-06
-111.5000E-03,+794.0484E-03,+456.0E-06
-111.0000E-03,+792.7418E-03,+468.1E-06
-110.5000E-03,+792.4403E-03,+427.3E-06
-110.0000E-03,+791.5358E-03,+365.0E-06
-109.5000E-03,+791.5358E-03,+422.7E-06
-109.0000E-03,+789.0232E-03,+433.1E-06
-108.5000E-03,+789.0232E-03,+368.6E-06
-108.0000E-03,+786.5107E-03,+347.7E-06
-107.5000E-03,+785.5056E-03,+439.4E-06
-107.0000E-03,+783.3951E-03,+431.3E-06
-106.5000E-03,+781.4855E-03,+422.3E-06
-106.0000E-03,+778.9730E-03,+397.1E-06
-105.5000E-03,+776.4604E-03,+393.5E-06
-105.0000E-03,+773.9479E-03,+374.0E-06
-104.5000E-03,+770.3298E-03,+325.2E-06
-104.0000E-03,+768.9227E-03,+282.4E-06
-103.5000E-03,+766.1086E-03,+355.7E-06
-103.0000E-03,+761.3850E-03,+352.9E-06
-102.5000E-03,+758.8725E-03,+320.8E-06
-102.0000E-03,+756.3599E-03,+313.5E-06
-101.5000E-03,+751.3348E-03,+314.5E-06
-101.0000E-03,+746.3097E-03,+304.3E-06
-100.5000E-03,+741.2845E-03,+236.3E-06
-100.0000E-03,+738.7720E-03,+336.8E-06
-99.5000E-03,+731.2343E-03,+318.7E-06
-99.0000E-03,+726.2092E-03,+234.1E-06
-98.5000E-03,+722.3901E-03,+204.0E-06
-98.0000E-03,+717.7669E-03,+329.0E-06
-97.5000E-03,+710.6313E-03,+306.7E-06
-97.0000E-03,+708.5207E-03,+394.3E-06
-96.5000E-03,+701.3850E-03,+257.0E-06
-96.0000E-03,+694.2494E-03,+223.5E-06
-95.5000E-03,+687.1137E-03,+250.8E-06
-95.0000E-03,+682.4906E-03,+213.2E-06
-94.5000E-03,+675.3549E-03,+128.0E-06
-94.0000E-03,+668.4202E-03,+93.0E-06
-93.5000E-03,+661.0835E-03,+70.3E-06
-93.0000E-03,+653.3448E-03,+135.0E-06
-92.5000E-03,+646.8122E-03,+215.2E-06
-92.0000E-03,+639.6765E-03,+237.1E-06
-91.5000E-03,+632.5408E-03,+172.0E-06
-91.0000E-03,+625.4051E-03,+157.1E-06
-90.5000E-03,+615.7569E-03,+184.9E-06
-90.0000E-03,+606.1086E-03,+140.9E-06
-89.5000E-03,+598.9730E-03,+96.8E-06
-89.0000E-03,+591.8373E-03,+195.9E-06
-88.5000E-03,+582.1891E-03,+171.2E-06
-88.0000E-03,+572.5408E-03,+126.4E-06
-87.5000E-03,+562.8926E-03,-4.9E-06
-87.0000E-03,+555.7569E-03,+102.7E-06
-86.5000E-03,+544.4001E-03,+168.2E-06
-86.0000E-03,+535.1539E-03,+87.8E-06
-85.5000E-03,+526.8122E-03,+65.5E-06
-85.0000E-03,+519.6765E-03,+85.6E-06
-84.5000E-03,+510.0282E-03,-6.3E-06
-84.0000E-03,+498.1689E-03,+8.8E-06
-83.5000E-03,+490.7318E-03,+40.8E-06
-83.0000E-03,+481.0835E-03,+30.7E-06
-82.5000E-03,+473.9478E-03,-16.9E-06
-82.0000E-03,+464.2996E-03,-117.0E-06
-81.5000E-03,+454.4503E-03,-182.6E-06
-81.0000E-03,+442.4906E-03,-105.4E-06
-80.5000E-03,+433.4453E-03,-39.6E-06
-80.0000E-03,+422.1891E-03,-96.3E-06
-79.5000E-03,+411.0333E-03,-74.6E-06
-79.0000E-03,+400.6815E-03,+1.0E-06
-78.5000E-03,+389.2242E-03,+37.7E-06
-78.0000E-03,+377.1639E-03,+102.9E-06
-77.5000E-03,+364.9026E-03,+183.1E-06
-77.0000E-03,+355.2544E-03,-127.5E-06
-76.5000E-03,+343.0936E-03,-378.5E-06
-76.0000E-03,+328.4202E-03,-221.8E-06
-75.5000E-03,+320.8825E-03,-289.9E-06
-75.0000E-03,+306.6112E-03,-140.5E-06
-74.5000E-03,+292.3398E-03,-124.7E-06
-74.0000E-03,+282.2896E-03,-148.6E-06
-73.5000E-03,+272.6413E-03,-179.9E-06
-73.0000E-03,+259.5760E-03,-372.5E-06
-72.5000E-03,+245.8071E-03,-154.6E-06
-72.0000E-03,+233.6463E-03,-255.5E-06
-71.5000E-03,+221.7870E-03,-75.6E-06
-71.0000E-03,+209.3247E-03,-113.2E-06
-70.5000E-03,+197.1639E-03,-408.3E-06
-70.0000E-03,+185.0031E-03,-502.4E-06
-69.5000E-03,+172.2393E-03,-406.3E-06
-69.0000E-03,+160.4805E-03,-181.2E-06
-68.5000E-03,+148.3197E-03,-304.6E-06
-68.0000E-03,+134.4503E-03,-255.1E-06
-67.5000E-03,+121.6865E-03,-295.3E-06
-67.0000E-03,+109.5257E-03,-328.9E-06
-66.5000E-03,+94.8524E-03,-399.0E-06
-66.0000E-03,+82.6916E-03,-400.4E-06
-65.5000E-03,+73.0433E-03,-373.7E-06
-65.0000E-03,+60.8825E-03,-361.7E-06
-64.5000E-03,+46.2092E-03,-390.0E-06
-64.0000E-03,+35.3549E-03,-366.3E-06
-63.5000E-03,+21.8875E-03,-350.2E-06
-63.0000E-03,+7.2142E-03,-334.3E-06
-62.5000E-03,-4.9466E-03,-391.8E-06
-62.0000E-03,-16.7054E-03,-400.2E-06
-61.5000E-03,-28.4642E-03,-370.5E-06
-61.0000E-03,-41.4290E-03,-443.1E-06
-60.5000E-03,-51.0773E-03,-404.1E-06
-60.0000E-03,-63.7406E-03,-418.9E-06
-59.5000E-03,-77.8109E-03,-459.7E-06
-59.0000E-03,-87.5597E-03,-477.4E-06
-58.5000E-03,-99.7205E-03,-543.6E-06
-58.0000E-03,-114.3939E-03,-547.0E-06
-57.5000E-03,-124.0421E-03,-547.6E-06
-57.0000E-03,-136.2029E-03,-496.5E-06
-56.5000E-03,-148.5647E-03,-440.2E-06
-56.0000E-03,-160.5245E-03,-462.4E-06
-55.5000E-03,-170.7758E-03,-534.7E-06
-55.0000E-03,-184.8461E-03,-522.5E-06
-54.5000E-03,-199.5195E-03,-543.8E-06
-54.0000E-03,-211.6803E-03,-680.4E-06
-53.5000E-03,-221.6301E-03,-630.8E-06
-53.0000E-03,-235.9014E-03,-530.7E-06
-52.5000E-03,-247.6602E-03,-555.6E-06
-52.0000E-03,-259.4190E-03,-575.3E-06
-51.5000E-03,-272.4843E-03,-603.1E-06
-51.0000E-03,-284.6451E-03,-721.2E-06
-50.5000E-03,-296.8059E-03,-626.0E-06
-50.0000E-03,-308.9667E-03,-552.6E-06
-49.5000E-03,-321.1275E-03,-587.2E-06
-49.0000E-03,-333.2883E-03,-609.1E-06
-48.5000E-03,-345.4491E-03,-696.5E-06
-48.0000E-03,-357.6099E-03,-684.5E-06
-47.5000E-03,-367.2582E-03,-690.3E-06
-47.0000E-03,-376.9064E-03,-745.2E-06
-46.5000E-03,-388.7657E-03,-715.0E-06
-46.0000E-03,-400.5245E-03,-716.2E-06
-45.5000E-03,-410.8763E-03,-637.6E-06
-45.0000E-03,-421.5295E-03,-629.0E-06
-44.5000E-03,-435.1979E-03,-687.7E-06
-44.0000E-03,-442.5346E-03,-652.7E-06
-43.5000E-03,-454.4944E-03,-636.0E-06
-43.0000E-03,-466.6552E-03,-731.3E-06
-42.5000E-03,-477.8110E-03,-758.6E-06
-42.0000E-03,-487.0572E-03,-745.2E-06
-41.5000E-03,-498.1124E-03,-736.9E-06
-41.0000E-03,-510.2732E-03,-750.0E-06
-40.5000E-03,-519.9215E-03,-860.9E-06
-40.0000E-03,-529.5697E-03,-758.6E-06
-39.5000E-03,-539.2180E-03,-698.9E-06
-39.0000E-03,-548.8662E-03,-725.7E-06
-38.5000E-03,-561.0270E-03,-763.5E-06
-38.0000E-03,-568.1627E-03,-842.3E-06
-37.5000E-03,-577.8109E-03,-773.7E-06
-37.0000E-03,-587.4592E-03,-809.1E-06
-36.5000E-03,-597.1074E-03,-813.3E-06
-36.0000E-03,-604.2431E-03,-868.6E-06
-35.5000E-03,-612.9868E-03,-782.0E-06
-35.0000E-03,-621.0270E-03,-775.7E-06
-34.5000E-03,-630.6753E-03,-846.7E-06
-34.0000E-03,-640.3235E-03,-823.2E-06
-33.5000E-03,-645.6501E-03,-811.9E-06
-33.0000E-03,-652.0823E-03,-819.1E-06
-32.5000E-03,-659.2180E-03,-863.2E-06
-32.0000E-03,-668.8662E-03,-833.8E-06
-31.5000E-03,-678.5145E-03,-802.5E-06
-31.0000E-03,-685.6501E-03,-860.1E-06
-30.5000E-03,-692.7858E-03,-942.4E-06
-30.0000E-03,-699.9215E-03,-814.9E-06
-29.5000E-03,-707.0572E-03,-781.1E-06
-29.0000E-03,-714.1928E-03,-782.4E-06
-28.5000E-03,-719.1175E-03,-838.0E-06
-28.0000E-03,-726.0521E-03,-788.6E-06
-27.5000E-03,-733.0873E-03,-844.1E-06
-27.0000E-03,-737.7104E-03,-879.4E-06
-26.5000E-03,-743.6401E-03,-853.7E-06
-26.0000E-03,-749.4692E-03,-885.5E-06
-25.5000E-03,-756.2029E-03,-898.3E-06
-25.0000E-03,-761.2280E-03,-909.4E-06
-24.5000E-03,-765.8511E-03,-935.7E-06
-24.0000E-03,-770.4743E-03,-763.5E-06
-23.5000E-03,-775.0974E-03,-814.5E-06
-23.0000E-03,-778.8159E-03,-876.4E-06
-22.5000E-03,-784.3436E-03,-919.4E-06
-22.0000E-03,-788.8662E-03,-904.4E-06
-21.5000E-03,-791.6803E-03,-872.8E-06
-21.0000E-03,-796.4039E-03,-860.3E-06
-20.5000E-03,-800.3235E-03,-847.1E-06
-20.0000E-03,-803.9416E-03,-810.9E-06
-19.5000E-03,-804.5446E-03,-813.9E-06
-19.0000E-03,-808.9667E-03,-761.5E-06
-18.5000E-03,-808.9667E-03,-798.4E-06
-18.0000E-03,-812.0823E-03,-781.3E-06
-17.5000E-03,-813.9918E-03,-894.3E-06
-17.0000E-03,-816.5044E-03,-921.9E-06
-16.5000E-03,-817.2079E-03,-816.3E-06
-16.0000E-03,-821.5295E-03,-834.6E-06
-15.5000E-03,-823.9416E-03,-841.2E-06
-15.0000E-03,-824.0421E-03,-856.1E-06
-14.5000E-03,-825.6501E-03,-873.0E-06
-14.0000E-03,-826.5546E-03,-842.3E-06
-13.5000E-03,-829.0672E-03,-849.5E-06
-13.0000E-03,-829.0672E-03,-790.8E-06
-12.5000E-03,-829.0672E-03,-803.9E-06
-12.0000E-03,-831.5798E-03,-905.0E-06
-11.5000E-03,-829.8712E-03,-841.7E-06
-11.0000E-03,-829.0672E-03,-830.2E-06
-10.5000E-03,-829.0672E-03,-789.0E-06
-10.0000E-03,-829.0672E-03,-805.9E-06
-9.5000E-03,-829.0672E-03,-850.9E-06
-9.0000E-03,-826.5546E-03,-852.5E-06
-8.5000E-03,-824.7456E-03,-741.8E-06
-8.0000E-03,-822.6350E-03,-740.3E-06
-7.5000E-03,-820.5245E-03,-781.8E-06
-7.0000E-03,-818.4139E-03,-805.5E-06
-6.5000E-03,-816.5044E-03,-778.7E-06
-6.0000E-03,-814.1928E-03,-772.5E-06
-5.5000E-03,-813.9918E-03,-791.4E-06
-5.0000E-03,-811.4793E-03,-835.0E-06
-4.5000E-03,-808.9667E-03,-717.8E-06
-4.0000E-03,-806.4541E-03,-639.6E-06
-3.5000E-03,-803.6401E-03,-702.4E-06
-3.0000E-03,-801.4290E-03,-719.0E-06
-2.5000E-03,-796.9064E-03,-678.2E-06
-2.0000E-03,-794.7958E-03,-700.9E-06
-1.5000E-03,-790.1727E-03,-709.2E-06
-1.0000E-03,-786.3536E-03,-743.6E-06
-500.0E-06,-781.3285E-03,-739.9E-06
+0.0E+00,-776.3034E-03,-643.1E-06
+500.0E-06,-771.6803E-03,-731.1E-06
+1.0000E-03,-767.0571E-03,-731.1E-06
+1.5000E-03,-762.4340E-03,-760.8E-06
+2.0000E-03,-757.8109E-03,-626.2E-06
+2.5000E-03,-751.1778E-03,-631.0E-06
+3.0000E-03,-746.0521E-03,-666.2E-06
+3.5000E-03,-738.9164E-03,-660.1E-06
+4.0000E-03,-733.5898E-03,-636.0E-06
+4.5000E-03,-728.5647E-03,-635.8E-06
+5.0000E-03,-721.0270E-03,-509.4E-06
+5.5000E-03,-715.3988E-03,-600.2E-06
+6.0000E-03,-708.2632E-03,-740.7E-06
+6.5000E-03,-701.1275E-03,-751.0E-06
+7.0000E-03,-693.3888E-03,-574.3E-06
+7.5000E-03,-686.8561E-03,-550.6E-06
+8.0000E-03,-678.3134E-03,-538.1E-06
+8.5000E-03,-670.0722E-03,-499.1E-06
+9.0000E-03,-662.6350E-03,-491.3E-06
+9.5000E-03,-655.5999E-03,-587.6E-06
+10.0000E-03,-646.1526E-03,-571.7E-06
+10.5000E-03,-640.6250E-03,-616.7E-06
+11.0000E-03,-631.8813E-03,-498.1E-06
+11.5000E-03,-624.7456E-03,-502.2E-06
+12.0000E-03,-615.0973E-03,-480.0E-06
+12.5000E-03,-607.9617E-03,-457.1E-06
+13.0000E-03,-598.3134E-03,-481.3E-06
+13.5000E-03,-590.3737E-03,-473.8E-06
+14.0000E-03,-580.2230E-03,-440.4E-06
+14.5000E-03,-570.9767E-03,-494.1E-06
+15.0000E-03,-562.2330E-03,-431.0E-06
+15.5000E-03,-552.5848E-03,-426.6E-06
+16.0000E-03,-540.7255E-03,-325.9E-06
+16.5000E-03,-532.5848E-03,-362.5E-06
+17.0000E-03,-521.1275E-03,-354.4E-06
+17.5000E-03,-510.4742E-03,-360.6E-06
+18.0000E-03,-501.2280E-03,-381.1E-06
+18.5000E-03,-489.6702E-03,-422.6E-06
+19.0000E-03,-480.0220E-03,-317.0E-06
+19.5000E-03,-468.4642E-03,-364.5E-06
+20.0000E-03,-457.2079E-03,-257.1E-06
+20.5000E-03,-448.5647E-03,-284.7E-06
+21.0000E-03,-436.4039E-03,-369.9E-06
+21.5000E-03,-424.2431E-03,-393.0E-06
+22.0000E-03,-412.1828E-03,-422.8E-06
+22.5000E-03,-402.9365E-03,-540.5E-06
+23.0000E-03,-391.1777E-03,-296.5E-06
+23.5000E-03,-380.6250E-03,-22.8E-06
+24.0000E-03,-368.4642E-03,-137.5E-06
+24.5000E-03,-361.3285E-03,-79.0E-06
+25.0000E-03,-349.1677E-03,-231.0E-06
+25.5000E-03,-334.8963E-03,-229.2E-06
+26.0000E-03,-324.8461E-03,-214.5E-06
+26.5000E-03,-312.6853E-03,-186.2E-06
+27.0000E-03,-299.6199E-03,-20.5E-06
+27.5000E-03,-288.3637E-03,-237.0E-06
+28.0000E-03,-273.6903E-03,-130.5E-06
+28.5000E-03,-261.5295E-03,-319.8E-06
+29.0000E-03,-249.3687E-03,-346.4E-06
+29.5000E-03,-237.2079E-03,-87.7E-06
+30.0000E-03,-225.0471E-03,+33.3E-06
+30.5000E-03,-212.2833E-03,-65.6E-06
+31.0000E-03,-200.7255E-03,-196.8E-06
+31.5000E-03,-188.5647E-03,-61.6E-06
+32.0000E-03,-174.4943E-03,-66.6E-06
+32.5000E-03,-164.2431E-03,-71.2E-06
+33.0000E-03,-152.0823E-03,-32.8E-06
+33.5000E-03,-138.1124E-03,-69.2E-06
+34.0000E-03,-127.7607E-03,-56.3E-06
+34.5000E-03,-118.1124E-03,-75.6E-06
+35.0000E-03,-105.9516E-03,-75.2E-06
+35.5000E-03,-92.8863E-03,-2.9E-06
+36.0000E-03,-81.6300E-03,+54.4E-06
+36.5000E-03,-69.4692E-03,-12.9E-06
+37.0000E-03,-56.9064E-03,+85.6E-06
+37.5000E-03,-42.6350E-03,+130.8E-06
+38.0000E-03,-32.9868E-03,+97.6E-06
+38.5000E-03,-20.8260E-03,+111.1E-06
+39.0000E-03,-8.6652E-03,+115.5E-06
+39.5000E-03,+3.4956E-03,+42.4E-06
+40.0000E-03,+15.6564E-03,+33.3E-06
+40.5000E-03,+30.3298E-03,+111.5E-06
+41.0000E-03,+42.4906E-03,+190.3E-06
+41.5000E-03,+54.6514E-03,+155.7E-06
+42.0000E-03,+66.8122E-03,+73.1E-06
+42.5000E-03,+81.4856E-03,+134.8E-06
+43.0000E-03,+91.7368E-03,+161.6E-06
+43.5000E-03,+108.1187E-03,+114.1E-06
+44.0000E-03,+117.9680E-03,+126.6E-06
+44.5000E-03,+132.0383E-03,+166.6E-06
+45.0000E-03,+144.8022E-03,+183.1E-06
+45.5000E-03,+156.9630E-03,+140.1E-06
+46.0000E-03,+169.1238E-03,+54.2E-06
+46.5000E-03,+183.7971E-03,+116.1E-06
+47.0000E-03,+193.4454E-03,+32.9E-06
+47.5000E-03,+205.1037E-03,+195.1E-06
+48.0000E-03,+217.7670E-03,+239.0E-06
+48.5000E-03,+232.4403E-03,+207.8E-06
+49.0000E-03,+242.0886E-03,+235.5E-06
+49.5000E-03,+256.7619E-03,+317.1E-06
+50.0000E-03,+268.9228E-03,+407.2E-06
+50.5000E-03,+280.6816E-03,+362.4E-06
+51.0000E-03,+292.4404E-03,+242.0E-06
+51.5000E-03,+304.1992E-03,+284.2E-06
+52.0000E-03,+317.5660E-03,+302.5E-06
+52.5000E-03,+327.2142E-03,+223.3E-06
+53.0000E-03,+339.4755E-03,+252.8E-06
+53.5000E-03,+351.5358E-03,+298.9E-06
+54.0000E-03,+362.9931E-03,+319.0E-06
+54.5000E-03,+373.3449E-03,+342.1E-06
+55.0000E-03,+385.5057E-03,+316.7E-06
+55.5000E-03,+395.7569E-03,+309.7E-06
+56.0000E-03,+407.3147E-03,+246.0E-06
+56.5000E-03,+419.2745E-03,+229.3E-06
+57.0000E-03,+429.1238E-03,+332.2E-06
+57.5000E-03,+440.2796E-03,+379.1E-06
+58.0000E-03,+449.5258E-03,+371.4E-06
+58.5000E-03,+460.5810E-03,+371.2E-06
+59.0000E-03,+472.4403E-03,+395.3E-06
+59.5000E-03,+479.8775E-03,+468.3E-06
+60.0000E-03,+487.0132E-03,+361.0E-06
+60.5000E-03,+496.6614E-03,+313.5E-06
+61.0000E-03,+506.3097E-03,+388.7E-06
+61.5000E-03,+515.9579E-03,+387.7E-06
+62.0000E-03,+523.0936E-03,+412.2E-06
+62.5000E-03,+532.7418E-03,+372.0E-06
+63.0000E-03,+542.3901E-03,+379.9E-06
+63.5000E-03,+552.0383E-03,+434.3E-06
+64.0000E-03,+561.6866E-03,+405.6E-06
+64.5000E-03,+571.3348E-03,+470.5E-06
+65.0000E-03,+578.9730E-03,+406.2E-06
+65.5000E-03,+590.5308E-03,+461.3E-06
+66.0000E-03,+598.0685E-03,+437.3E-06
+66.5000E-03,+604.9026E-03,+434.7E-06
+67.0000E-03,+612.0383E-03,+432.7E-06
+67.5000E-03,+621.6866E-03,+488.6E-06
+68.0000E-03,+631.3348E-03,+402.8E-06
+68.5000E-03,+638.2695E-03,+420.3E-06
+69.0000E-03,+643.2946E-03,+400.2E-06
+69.5000E-03,+652.7418E-03,+367.4E-06
+70.0000E-03,+659.8775E-03,+446.4E-06
+70.5000E-03,+667.0132E-03,+544.9E-06
+71.0000E-03,+674.1489E-03,+530.8E-06
+71.5000E-03,+680.9830E-03,+481.4E-06
+72.0000E-03,+685.9077E-03,+444.0E-06
+72.5000E-03,+691.0333E-03,+417.2E-06
+73.0000E-03,+699.2745E-03,+457.8E-06
+73.5000E-03,+704.8021E-03,+465.7E-06
+74.0000E-03,+711.1338E-03,+457.2E-06
+74.5000E-03,+718.6715E-03,+530.2E-06
+75.0000E-03,+721.1841E-03,+542.9E-06
+75.5000E-03,+726.2092E-03,+370.2E-06
+76.0000E-03,+729.6263E-03,+509.9E-06
+76.5000E-03,+733.7469E-03,+454.8E-06
+77.0000E-03,+738.7720E-03,+486.4E-06
+77.5000E-03,+744.2996E-03,+526.8E-06
+78.0000E-03,+748.8222E-03,+494.6E-06
+78.5000E-03,+751.3348E-03,+437.5E-06
+79.0000E-03,+756.3599E-03,+456.0E-06
+79.5000E-03,+759.9780E-03,+474.3E-06
+80.0000E-03,+762.3901E-03,+512.7E-06
+80.5000E-03,+765.8071E-03,+487.0E-06
+81.0000E-03,+768.9227E-03,+499.7E-06
+81.5000E-03,+771.4353E-03,+529.0E-06
+82.0000E-03,+773.3449E-03,+539.3E-06
+82.5000E-03,+776.4604E-03,+426.3E-06
+83.0000E-03,+778.9730E-03,+388.7E-06
+83.5000E-03,+781.4855E-03,+462.1E-06
+84.0000E-03,+783.9981E-03,+421.1E-06
+84.5000E-03,+784.0986E-03,+497.6E-06
+85.0000E-03,+786.5107E-03,+466.5E-06
+85.5000E-03,+787.4152E-03,+448.8E-06
+86.0000E-03,+789.0232E-03,+464.9E-06
+86.5000E-03,+789.0232E-03,+481.8E-06
+87.0000E-03,+791.5358E-03,+434.1E-06
+87.5000E-03,+791.5358E-03,+512.7E-06
+88.0000E-03,+793.6464E-03,+388.1E-06
+88.5000E-03,+793.2444E-03,+435.7E-06
+89.0000E-03,+791.5358E-03,+445.4E-06
+89.5000E-03,+792.4403E-03,+412.2E-06
+90.0000E-03,+789.5258E-03,+353.9E-06
+90.5000E-03,+791.5358E-03,+416.6E-06
+91.0000E-03,+789.0232E-03,+418.6E-06
+91.5000E-03,+787.2142E-03,+345.7E-06
+92.0000E-03,+786.5107E-03,+335.4E-06
+92.5000E-03,+786.5107E-03,+417.2E-06
+93.0000E-03,+783.3951E-03,+411.2E-06
+93.5000E-03,+781.2845E-03,+406.8E-06
+94.0000E-03,+778.9730E-03,+378.2E-06
+94.5000E-03,+776.4604E-03,+380.9E-06
+95.0000E-03,+773.9479E-03,+352.9E-06
+95.5000E-03,+771.4353E-03,+320.2E-06
+96.0000E-03,+768.9227E-03,+296.0E-06
+96.5000E-03,+766.1086E-03,+359.6E-06
+97.0000E-03,+761.4855E-03,+363.2E-06
+97.5000E-03,+758.8725E-03,+338.9E-06
+98.0000E-03,+754.7519E-03,+336.8E-06
+98.5000E-03,+751.3348E-03,+336.6E-06
+99.0000E-03,+748.0182E-03,+310.9E-06
+99.5000E-03,+743.3951E-03,+246.4E-06
+100.0000E-03,+738.7720E-03,+336.8E-06
+100.5000E-03,+731.6363E-03,+325.4E-06
+101.0000E-03,+727.0132E-03,+237.3E-06
+101.5000E-03,+722.3900E-03,+193.7E-06
+102.0000E-03,+717.7669E-03,+335.8E-06
+102.5000E-03,+710.6313E-03,+315.7E-06
+103.0000E-03,+708.5207E-03,+394.7E-06
+103.5000E-03,+701.3850E-03,+244.4E-06
+104.0000E-03,+696.0584E-03,+242.2E-06
+104.5000E-03,+687.1137E-03,+258.7E-06
+105.0000E-03,+683.4956E-03,+224.3E-06
+105.5000E-03,+675.3549E-03,+115.3E-06
+106.0000E-03,+668.4202E-03,+91.8E-06
+106.5000E-03,+663.3951E-03,+72.3E-06
+107.0000E-03,+655.8574E-03,+122.4E-06
+107.5000E-03,+647.8172E-03,+217.2E-06
+108.0000E-03,+639.6765E-03,+247.8E-06
+108.5000E-03,+634.3498E-03,+159.8E-06
+109.0000E-03,+625.4051E-03,+148.9E-06
+109.5000E-03,+615.7569E-03,+184.5E-06
+110.0000E-03,+608.6212E-03,+122.8E-06
+110.5000E-03,+601.4855E-03,+78.5E-06
+111.0000E-03,+591.8373E-03,+168.2E-06
+111.5000E-03,+582.9931E-03,+149.3E-06
+112.0000E-03,+572.9428E-03,+92.0E-06
+112.5000E-03,+565.4051E-03,-30.0E-06
+113.0000E-03,+555.3549E-03,+81.0E-06
+113.5000E-03,+543.5961E-03,+128.2E-06
+114.0000E-03,+535.1539E-03,+74.9E-06
+114.5000E-03,+526.8122E-03,+78.3E-06
+115.0000E-03,+519.6765E-03,+99.7E-06
+115.5000E-03,+510.0282E-03,+18.4E-06
+116.0000E-03,+500.3800E-03,+41.6E-06
+116.5000E-03,+490.0283E-03,+59.5E-06
+117.0000E-03,+482.4906E-03,+49.2E-06
+117.5000E-03,+473.9478E-03,-9.9E-06
+118.0000E-03,+464.2996E-03,-107.0E-06
+118.5000E-03,+452.1388E-03,-167.5E-06
+119.0000E-03,+442.4906E-03,-90.3E-06
+119.5000E-03,+433.4453E-03,-20.7E-06
+120.0000E-03,+422.1891E-03,-95.3E-06
+120.5000E-03,+411.0333E-03,-58.3E-06
+121.0000E-03,+401.3850E-03,+400E-09
+121.5000E-03,+391.4353E-03,+46.0E-06
+122.0000E-03,+379.6765E-03,+102.5E-06
+122.5000E-03,+367.4152E-03,+156.9E-06
+123.0000E-03,+355.2544E-03,-148.0E-06
+123.5000E-03,+344.4001E-03,-380.7E-06
+124.0000E-03,+329.2242E-03,-221.8E-06
+124.5000E-03,+321.2845E-03,-283.1E-06
+125.0000E-03,+309.1237E-03,-130.5E-06
+125.5000E-03,+294.4504E-03,-119.6E-06
+126.0000E-03,+282.2896E-03,-142.0E-06
+126.5000E-03,+272.6413E-03,-165.3E-06
+127.0000E-03,+259.5760E-03,-347.8E-06
+127.5000E-03,+245.8071E-03,-133.5E-06
+128.0000E-03,+233.6463E-03,-236.2E-06
+128.5000E-03,+221.4855E-03,-83.9E-06
+129.0000E-03,+207.5157E-03,-100.3E-06
+129.5000E-03,+197.1639E-03,-388.8E-06
+130.0000E-03,+185.0031E-03,-485.3E-06
+130.5000E-03,+172.2393E-03,-408.9E-06
+131.0000E-03,+160.4805E-03,-209.7E-06
+131.5000E-03,+148.3197E-03,-322.3E-06
+132.0000E-03,+134.4503E-03,-260.3E-06
+132.5000E-03,+121.6865E-03,-300.3E-06
+133.0000E-03,+109.5257E-03,-333.3E-06
+133.5000E-03,+94.8524E-03,-406.3E-06
+134.0000E-03,+82.6916E-03,-397.8E-06
+134.5000E-03,+73.0433E-03,-373.5E-06
+135.0000E-03,+58.8724E-03,-348.6E-06
+135.5000E-03,+46.2092E-03,-385.0E-06
+136.0000E-03,+34.0483E-03,-368.9E-06
+136.5000E-03,+21.8875E-03,-366.9E-06
+137.0000E-03,+7.2142E-03,-337.7E-06
+137.5000E-03,-4.9466E-03,-401.9E-06
+138.0000E-03,-16.7054E-03,-395.2E-06
+138.5000E-03,-28.4642E-03,-373.9E-06
+139.0000E-03,-41.4290E-03,-455.7E-06
+139.5000E-03,-51.0773E-03,-407.3E-06
+140.0000E-03,-65.7506E-03,-410.9E-06
+140.5000E-03,-77.9115E-03,-450.3E-06
+141.0000E-03,-87.5597E-03,-464.2E-06
+141.5000E-03,-99.7205E-03,-533.5E-06
+142.0000E-03,-114.3939E-03,-543.6E-06
+142.5000E-03,-124.0421E-03,-546.6E-06
+143.0000E-03,-134.2934E-03,-496.5E-06
+143.5000E-03,-148.3637E-03,-431.4E-06
+144.0000E-03,-160.5245E-03,-448.5E-06
+144.5000E-03,-170.7758E-03,-552.2E-06
+145.0000E-03,-183.8411E-03,-534.5E-06
+145.5000E-03,-198.4139E-03,-568.9E-06
+146.0000E-03,-209.1677E-03,-674.6E-06
+146.5000E-03,-221.3285E-03,-637.0E-06
+147.0000E-03,-235.9014E-03,-535.7E-06
+147.5000E-03,-247.6602E-03,-554.6E-06
+148.0000E-03,-259.4190E-03,-590.0E-06
+148.5000E-03,-272.4843E-03,-592.8E-06
+149.0000E-03,-284.6451E-03,-697.5E-06
+149.5000E-03,-296.8059E-03,-612.5E-06
+150.0000E-03,-311.4793E-03,-552.6E-06
+150.5000E-03,-323.6401E-03,-593.0E-06
+151.0000E-03,-333.2883E-03,-615.9E-06
+151.5000E-03,-346.7557E-03,-698.9E-06
+152.0000E-03,-357.6099E-03,-673.0E-06
+152.5000E-03,-367.2582E-03,-701.3E-06
+153.0000E-03,-376.9064E-03,-740.7E-06
+153.5000E-03,-389.0672E-03,-724.5E-06
+154.0000E-03,-400.5245E-03,-730.5E-06
+154.5000E-03,-410.8763E-03,-662.2E-06
+155.0000E-03,-423.0371E-03,-643.1E-06
+155.5000E-03,-433.2884E-03,-698.9E-06
+156.0000E-03,-444.8461E-03,-671.2E-06
+156.5000E-03,-454.4944E-03,-665.8E-06
+157.0000E-03,-466.6552E-03,-744.0E-06
+157.5000E-03,-477.8110E-03,-765.7E-06
+158.0000E-03,-487.3587E-03,-765.9E-06
+158.5000E-03,-498.1125E-03,-729.7E-06
+159.0000E-03,-509.9717E-03,-768.9E-06
+159.5000E-03,-519.9215E-03,-865.2E-06
+160.0000E-03,-527.5597E-03,-772.7E-06
+160.5000E-03,-539.2180E-03,-708.6E-06
+161.0000E-03,-548.8662E-03,-735.9E-06
+161.5000E-03,-558.5145E-03,-765.1E-06
+162.0000E-03,-568.1627E-03,-853.1E-06
+162.5000E-03,-577.8109E-03,-778.7E-06
+163.0000E-03,-587.4592E-03,-824.2E-06
+163.5000E-03,-595.3989E-03,-836.6E-06
+164.0000E-03,-604.2431E-03,-883.9E-06
+164.5000E-03,-612.9868E-03,-792.0E-06
+165.0000E-03,-621.0270E-03,-778.7E-06
+165.5000E-03,-630.6753E-03,-866.8E-06
+166.0000E-03,-640.0220E-03,-842.7E-06
+166.5000E-03,-645.6501E-03,-826.2E-06
+167.0000E-03,-652.0823E-03,-832.6E-06
+167.5000E-03,-661.7305E-03,-873.2E-06
+168.0000E-03,-668.8662E-03,-846.5E-06
+168.5000E-03,-676.0019E-03,-816.7E-06
+169.0000E-03,-683.3386E-03,-859.3E-06
+169.5000E-03,-692.7858E-03,-937.3E-06
+170.0000E-03,-699.9215E-03,-811.9E-06
+170.5000E-03,-708.1627E-03,-776.7E-06
+171.0000E-03,-716.0019E-03,-775.1E-06
+171.5000E-03,-721.3285E-03,-833.6E-06
+172.0000E-03,-725.9516E-03,-783.6E-06
+172.5000E-03,-733.0873E-03,-850.1E-06
+173.0000E-03,-737.7104E-03,-890.9E-06
+173.5000E-03,-744.8461E-03,-868.2E-06
+174.0000E-03,-751.9818E-03,-898.7E-06
+174.5000E-03,-756.2029E-03,-924.3E-06
+175.0000E-03,-761.2280E-03,-934.5E-06
+175.5000E-03,-765.8511E-03,-964.3E-06
+176.0000E-03,-770.4743E-03,-779.9E-06
+176.5000E-03,-776.3034E-03,-849.5E-06
+177.0000E-03,-779.7205E-03,-898.7E-06
+177.5000E-03,-786.3536E-03,-934.5E-06
+178.0000E-03,-788.9667E-03,-923.9E-06
+178.5000E-03,-793.8913E-03,-899.7E-06
+179.0000E-03,-798.2130E-03,-901.4E-06
+179.5000E-03,-800.3235E-03,-872.2E-06
+180.0000E-03,-803.9416E-03,-826.0E-06
+180.5000E-03,-804.5446E-03,-834.2E-06
+181.0000E-03,-808.9667E-03,-790.8E-06
+181.5000E-03,-808.9667E-03,-813.5E-06
+182.0000E-03,-813.3888E-03,-796.2E-06
+182.5000E-03,-815.4994E-03,-902.4E-06
+183.0000E-03,-817.6099E-03,-917.4E-06
+183.5000E-03,-819.7205E-03,-819.1E-06
+184.0000E-03,-821.5295E-03,-839.6E-06
+184.5000E-03,-823.9416E-03,-850.5E-06
+185.0000E-03,-824.0421E-03,-838.0E-06
+185.5000E-03,-826.5546E-03,-873.0E-06
+186.0000E-03,-829.0672E-03,-857.3E-06
+186.5000E-03,-829.0672E-03,-847.9E-06
+187.0000E-03,-831.1777E-03,-793.2E-06
+187.5000E-03,-829.0672E-03,-808.9E-06
+188.0000E-03,-831.5798E-03,-915.8E-06
+188.5000E-03,-829.0672E-03,-841.7E-06
+189.0000E-03,-829.0672E-03,-825.6E-06
+189.5000E-03,-829.0672E-03,-785.8E-06
+190.0000E-03,-831.0772E-03,-813.9E-06
+190.5000E-03,-828.9667E-03,-845.3E-06
+191.0000E-03,-826.5546E-03,-848.7E-06
+191.5000E-03,-824.7456E-03,-749.6E-06
+192.0000E-03,-824.0421E-03,-752.0E-06
+192.5000E-03,-821.5295E-03,-788.8E-06
+193.0000E-03,-819.0170E-03,-805.3E-06
+193.5000E-03,-819.0170E-03,-788.8E-06
+194.0000E-03,-816.5044E-03,-757.8E-06
+194.5000E-03,-813.9918E-03,-792.6E-06
+195.0000E-03,-811.4793E-03,-828.0E-06
+195.5000E-03,-808.9667E-03,-709.0E-06
+196.0000E-03,-806.4541E-03,-645.5E-06
+196.5000E-03,-803.9416E-03,-709.4E-06
+197.0000E-03,-801.4290E-03,-709.2E-06
+197.5000E-03,-796.9064E-03,-688.3E-06
+198.0000E-03,-794.7958E-03,-706.4E-06
+198.5000E-03,-790.1727E-03,-706.8E-06
+199.0000E-03,-786.3536E-03,-750.6E-06
+199.5000E-03,-780.9265E-03,-756.8E-06
+200.0000E-03,-776.3034E-03,-673.2E-06
+200.5000E-03,-771.2783E-03,-743.8E-06
+201.0000E-03,-767.0571E-03,-737.9E-06
+201.5000E-03,-762.4340E-03,-768.3E-06
+202.0000E-03,-755.2983E-03,-623.0E-06
+202.5000E-03,-751.1778E-03,-618.9E-06
+203.0000E-03,-746.0521E-03,-656.5E-06
+203.5000E-03,-738.9164E-03,-658.1E-06
+204.0000E-03,-733.5898E-03,-654.5E-06
+204.5000E-03,-727.1576E-03,-649.3E-06
+205.0000E-03,-720.0220E-03,-512.4E-06
+205.5000E-03,-715.3988E-03,-602.9E-06
+206.0000E-03,-708.2632E-03,-750.4E-06
+206.5000E-03,-701.1275E-03,-741.8E-06
+207.0000E-03,-693.3888E-03,-589.2E-06
+207.5000E-03,-684.3436E-03,-568.7E-06
+208.0000E-03,-678.3134E-03,-545.4E-06
+208.5000E-03,-670.0722E-03,-504.2E-06
+209.0000E-03,-662.9365E-03,-519.0E-06
+209.5000E-03,-655.7004E-03,-606.9E-06
+210.0000E-03,-646.6551E-03,-572.7E-06
+210.5000E-03,-641.5295E-03,-601.7E-06
+211.0000E-03,-631.8813E-03,-500.5E-06
+211.5000E-03,-624.7456E-03,-508.6E-06
+212.0000E-03,-615.0973E-03,-473.2E-06
+212.5000E-03,-607.9617E-03,-447.1E-06
+213.0000E-03,-598.3134E-03,-462.8E-06
+213.5000E-03,-588.6652E-03,-458.7E-06
+214.0000E-03,-579.0169E-03,-420.3E-06
+214.5000E-03,-570.9767E-03,-490.9E-06
+215.0000E-03,-562.2330E-03,-411.9E-06
+215.5000E-03,-552.5848E-03,-426.8E-06
+216.0000E-03,-542.9365E-03,-324.1E-06
+216.5000E-03,-532.5848E-03,-347.4E-06
+217.0000E-03,-521.1275E-03,-364.5E-06
+217.5000E-03,-510.4742E-03,-387.8E-06
+218.0000E-03,-499.3184E-03,-388.6E-06
+218.5000E-03,-489.6702E-03,-423.0E-06
+219.0000E-03,-480.0220E-03,-341.8E-06
+219.5000E-03,-468.4641E-03,-396.0E-06
+220.0000E-03,-457.2079E-03,-271.2E-06
+220.5000E-03,-447.1577E-03,-271.8E-06
+221.0000E-03,-436.4039E-03,-378.5E-06
+221.5000E-03,-424.2431E-03,-408.7E-06
+222.0000E-03,-414.6953E-03,-428.0E-06
+222.5000E-03,-404.9466E-03,-568.7E-06
+223.0000E-03,-392.7858E-03,-297.5E-06
+223.5000E-03,-381.9315E-03,-2.5E-06
+224.0000E-03,-368.4642E-03,-124.5E-06
+224.5000E-03,-361.3285E-03,-80.0E-06
+225.0000E-03,-351.6803E-03,-231.0E-06
+225.5000E-03,-337.0069E-03,-234.2E-06
+226.0000E-03,-325.6501E-03,-219.7E-06
+226.5000E-03,-315.1978E-03,-186.6E-06
+227.0000E-03,-302.1325E-03,-22.4E-06
+227.5000E-03,-288.3637E-03,-232.0E-06
+228.0000E-03,-276.1023E-03,-135.7E-06
+228.5000E-03,-261.8310E-03,-312.2E-06
+229.0000E-03,-249.3687E-03,-364.3E-06
+229.5000E-03,-237.2079E-03,-87.7E-06
+230.0000E-03,-226.5546E-03,+58.4E-06
+230.5000E-03,-214.7958E-03,-40.4E-06
+231.0000E-03,-200.7255E-03,-185.6E-06
+231.5000E-03,-190.8763E-03,-62.8E-06
+232.0000E-03,-177.0069E-03,-57.9E-06
+232.5000E-03,-165.2481E-03,-63.2E-06
+233.0000E-03,-153.4893E-03,-25.0E-06
+233.5000E-03,-139.9215E-03,-67.8E-06
+234.0000E-03,-127.7607E-03,-44.3E-06
+234.5000E-03,-118.0119E-03,-45.7E-06
+235.0000E-03,-106.4541E-03,-47.1E-06
+235.5000E-03,-92.8863E-03,-6.5E-06
+236.0000E-03,-81.6300E-03,+44.4E-06
+236.5000E-03,-69.4692E-03,-12.7E-06
+237.0000E-03,-54.7958E-03,+89.8E-06
+237.5000E-03,-42.6350E-03,+125.8E-06
+238.0000E-03,-32.9868E-03,+87.6E-06
+238.5000E-03,-20.8260E-03,+112.7E-06
+239.0000E-03,-8.6652E-03,+110.5E-06
+239.5000E-03,+3.4956E-03,+39.2E-06
+240.0000E-03,+17.6665E-03,+26.3E-06
+240.5000E-03,+30.3298E-03,+125.4E-06
+241.0000E-03,+42.4906E-03,+190.9E-06
+241.5000E-03,+54.6514E-03,+161.6E-06
+242.0000E-03,+69.3248E-03,+77.1E-06
+242.5000E-03,+81.4856E-03,+115.7E-06
+243.0000E-03,+91.7369E-03,+154.1E-06
+243.5000E-03,+105.8072E-03,+99.5E-06
+244.0000E-03,+117.9680E-03,+132.8E-06
+244.5000E-03,+129.5258E-03,+196.7E-06
+245.0000E-03,+144.8022E-03,+205.2E-06
+245.5000E-03,+156.9630E-03,+155.7E-06
+246.0000E-03,+167.3147E-03,+87.4E-06
+246.5000E-03,+181.2846E-03,+135.6E-06
+247.0000E-03,+193.4454E-03,+37.5E-06
+247.5000E-03,+205.1037E-03,+202.2E-06
+248.0000E-03,+217.7670E-03,+243.2E-06
+248.5000E-03,+231.1338E-03,+210.2E-06
+249.0000E-03,+244.6012E-03,+245.4E-06
+249.5000E-03,+256.7620E-03,+330.4E-06
+250.0000E-03,+268.9228E-03,+387.1E-06
+250.5000E-03,+280.6816E-03,+336.2E-06
+251.0000E-03,+292.4404E-03,+238.3E-06
+251.5000E-03,+305.4052E-03,+286.6E-06
+252.0000E-03,+315.9580E-03,+297.4E-06
+252.5000E-03,+327.2142E-03,+221.3E-06
+253.0000E-03,+339.3750E-03,+267.3E-06
+253.5000E-03,+351.2343E-03,+307.1E-06
+254.0000E-03,+363.6966E-03,+312.5E-06
+254.5000E-03,+374.7519E-03,+333.8E-06
+255.0000E-03,+386.5107E-03,+303.7E-06
+255.5000E-03,+397.6665E-03,+288.2E-06
+256.0000E-03,+407.3147E-03,+235.9E-06
+256.5000E-03,+419.2745E-03,+230.1E-06
+257.0000E-03,+429.1238E-03,+337.2E-06
+257.5000E-03,+441.2846E-03,+381.1E-06
+258.0000E-03,+450.9328E-03,+389.3E-06
+258.5000E-03,+458.7720E-03,+377.6E-06
+259.0000E-03,+470.2293E-03,+395.9E-06
+259.5000E-03,+477.3650E-03,+463.1E-06
+260.0000E-03,+487.0132E-03,+363.0E-06
+260.5000E-03,+496.6615E-03,+296.6E-06
+261.0000E-03,+506.3097E-03,+378.6E-06
+261.5000E-03,+514.2494E-03,+379.5E-06
+262.0000E-03,+523.0936E-03,+402.2E-06
+262.5000E-03,+532.7419E-03,+356.9E-06
+263.0000E-03,+539.8775E-03,+350.3E-06
+263.5000E-03,+552.0383E-03,+434.1E-06
+264.0000E-03,+560.3800E-03,+410.6E-06
+264.5000E-03,+569.7268E-03,+469.1E-06
+265.0000E-03,+578.4705E-03,+395.1E-06
+265.5000E-03,+588.0182E-03,+461.1E-06
+266.0000E-03,+595.5559E-03,+432.3E-06
+266.5000E-03,+604.9027E-03,+442.0E-06
+267.0000E-03,+612.0383E-03,+428.3E-06
+267.5000E-03,+621.6866E-03,+496.6E-06
+268.0000E-03,+631.3348E-03,+421.7E-06
+268.5000E-03,+638.2695E-03,+416.0E-06
+269.0000E-03,+645.6062E-03,+396.7E-06
+269.5000E-03,+652.7419E-03,+383.7E-06
+270.0000E-03,+659.8775E-03,+463.5E-06
+270.5000E-03,+668.4202E-03,+562.8E-06
+271.0000E-03,+671.6363E-03,+538.6E-06
+271.5000E-03,+680.9830E-03,+482.6E-06
+272.0000E-03,+686.0082E-03,+439.4E-06
+272.5000E-03,+691.0333E-03,+420.3E-06
+273.0000E-03,+697.6665E-03,+457.8E-06
+273.5000E-03,+704.8022E-03,+468.3E-06
+274.0000E-03,+711.9378E-03,+445.6E-06
+274.5000E-03,+716.5609E-03,+532.8E-06
+275.0000E-03,+721.1841E-03,+552.9E-06
+275.5000E-03,+726.2092E-03,+386.1E-06
+276.0000E-03,+729.6263E-03,+523.4E-06
+276.5000E-03,+732.5408E-03,+457.0E-06
+277.0000E-03,+737.1640E-03,+502.9E-06
+277.5000E-03,+741.7871E-03,+545.9E-06
+278.0000E-03,+746.4102E-03,+509.9E-06
+278.5000E-03,+753.2444E-03,+452.6E-06
+279.0000E-03,+753.8474E-03,+446.0E-06
+279.5000E-03,+758.8725E-03,+469.9E-06
+280.0000E-03,+761.3850E-03,+509.7E-06
+280.5000E-03,+766.4102E-03,+476.7E-06
+281.0000E-03,+768.9227E-03,+480.8E-06
+281.5000E-03,+771.2343E-03,+527.0E-06
+282.0000E-03,+773.3449E-03,+517.9E-06
+282.5000E-03,+777.4654E-03,+408.2E-06
+283.0000E-03,+778.9730E-03,+391.5E-06
+283.5000E-03,+781.4855E-03,+457.8E-06
+284.0000E-03,+784.2996E-03,+413.6E-06
+284.5000E-03,+786.4102E-03,+492.4E-06
+285.0000E-03,+789.0232E-03,+449.4E-06
+285.5000E-03,+789.9277E-03,+445.2E-06
+286.0000E-03,+790.2293E-03,+467.1E-06
+286.5000E-03,+789.8273E-03,+476.5E-06
+287.0000E-03,+791.5358E-03,+435.7E-06
+287.5000E-03,+791.5358E-03,+517.7E-06
+288.0000E-03,+793.6464E-03,+403.2E-06
+288.5000E-03,+793.2444E-03,+442.6E-06
+289.0000E-03,+792.7418E-03,+460.7E-06
+289.5000E-03,+792.4403E-03,+430.5E-06
+290.0000E-03,+791.5358E-03,+373.0E-06
+290.5000E-03,+791.5358E-03,+407.8E-06
+291.0000E-03,+789.0232E-03,+408.6E-06
+291.5000E-03,+787.2142E-03,+347.1E-06
+292.0000E-03,+786.5107E-03,+326.4E-06
+292.5000E-03,+785.0032E-03,+424.3E-06
+293.0000E-03,+783.9981E-03,+417.4E-06
+293.5000E-03,+781.2845E-03,+393.3E-06
+294.0000E-03,+778.9730E-03,+367.4E-06
+294.5000E-03,+776.4604E-03,+365.8E-06
+295.0000E-03,+773.9479E-03,+353.9E-06
+295.5000E-03,+770.3297E-03,+315.7E-06
+296.0000E-03,+768.2192E-03,+267.3E-06
+296.5000E-03,+763.8976E-03,+350.1E-06
+297.0000E-03,+761.4855E-03,+358.1E-06
+297.5000E-03,+756.8624E-03,+326.8E-06
+298.0000E-03,+754.7519E-03,+339.1E-06
+298.5000E-03,+751.3348E-03,+334.8E-06
+299.0000E-03,+745.5056E-03,+312.9E-06
+299.5000E-03,+741.2845E-03,+264.1E-06
+300.0000E-03,+736.2594E-03,+351.9E-06
+300.5000E-03,+731.2343E-03,+321.4E-06
+301.0000E-03,+727.0132E-03,+222.5E-06
+301.5000E-03,+722.3900E-03,+201.6E-06
+302.0000E-03,+717.7669E-03,+336.2E-06
+302.5000E-03,+711.1338E-03,+306.7E-06
+303.0000E-03,+708.5207E-03,+380.1E-06
+303.5000E-03,+701.3850E-03,+237.5E-06
+304.0000E-03,+696.0584E-03,+205.6E-06
+304.5000E-03,+687.1137E-03,+231.3E-06
+305.0000E-03,+682.4905E-03,+203.2E-06
+305.5000E-03,+675.3549E-03,+107.9E-06
+306.0000E-03,+670.7318E-03,+86.8E-06
+306.5000E-03,+661.0835E-03,+52.6E-06
+307.0000E-03,+653.9478E-03,+123.6E-06
+307.5000E-03,+646.8122E-03,+217.2E-06
+308.0000E-03,+639.6765E-03,+230.5E-06
+308.5000E-03,+632.5408E-03,+151.9E-06
+309.0000E-03,+625.4051E-03,+139.5E-06
+309.5000E-03,+615.7569E-03,+174.6E-06
+310.0000E-03,+608.1187E-03,+115.7E-06
+310.5000E-03,+600.5810E-03,+78.5E-06
+311.0000E-03,+591.8373E-03,+173.2E-06
+311.5000E-03,+582.1890E-03,+141.1E-06
+312.0000E-03,+572.5408E-03,+92.0E-06
+312.5000E-03,+562.8926E-03,-30.0E-06
+313.0000E-03,+553.2443E-03,+85.2E-06
+313.5000E-03,+544.4001E-03,+143.5E-06
+314.0000E-03,+533.9478E-03,+64.9E-06
+314.5000E-03,+525.2041E-03,+60.1E-06
+315.0000E-03,+517.6665E-03,+70.5E-06
+315.5000E-03,+510.0282E-03,+8.2E-06
+316.0000E-03,+500.3800E-03,+12.0E-06
+316.5000E-03,+490.7318E-03,+41.6E-06
+317.0000E-03,+481.0835E-03,+32.5E-06
+317.5000E-03,+473.9478E-03,-26.0E-06
+318.0000E-03,+464.2996E-03,-104.4E-06
+318.5000E-03,+452.1388E-03,-158.2E-06
+319.0000E-03,+442.4905E-03,-76.4E-06
+319.5000E-03,+433.4453E-03,+2.0E-06
+320.0000E-03,+422.1891E-03,-61.2E-06
+320.5000E-03,+411.0333E-03,-64.6E-06
+321.0000E-03,+400.6815E-03,+1.0E-06
+321.5000E-03,+389.2242E-03,+37.7E-06
+322.0000E-03,+377.1639E-03,+83.0E-06
+322.5000E-03,+367.4152E-03,+163.0E-06
+323.0000E-03,+353.6463E-03,-155.8E-06
+323.5000E-03,+343.0936E-03,-388.0E-06
+324.0000E-03,+328.4202E-03,-220.1E-06
+324.5000E-03,+320.8825E-03,-304.2E-06
+325.0000E-03,+306.6112E-03,-135.5E-06
+325.5000E-03,+294.4503E-03,-123.1E-06
+326.0000E-03,+282.2895E-03,-151.8E-06
+326.5000E-03,+271.3347E-03,-175.3E-06
+327.0000E-03,+257.0634E-03,-361.1E-06
+327.5000E-03,+245.8071E-03,-144.6E-06
+328.0000E-03,+233.5458E-03,-230.8E-06
+328.5000E-03,+221.4855E-03,-78.0E-06
+329.0000E-03,+206.8122E-03,-114.6E-06
+329.5000E-03,+197.1639E-03,-414.5E-06
+330.0000E-03,+185.0031E-03,-501.3E-06
+330.5000E-03,+172.2393E-03,-408.7E-06
+331.0000E-03,+160.4805E-03,-190.4E-06
+331.5000E-03,+146.0081E-03,-323.5E-06
+332.0000E-03,+134.4503E-03,-260.1E-06
+332.5000E-03,+121.6865E-03,-307.4E-06
+333.0000E-03,+109.5257E-03,-340.5E-06
+333.5000E-03,+97.3649E-03,-396.8E-06
+334.0000E-03,+82.6916E-03,-401.7E-06
+334.5000E-03,+73.0433E-03,-374.3E-06
+335.0000E-03,+58.8724E-03,-367.7E-06
+335.5000E-03,+46.2091E-03,-414.1E-06
+336.0000E-03,+34.0483E-03,-399.4E-06
+336.5000E-03,+21.8875E-03,-380.1E-06
+337.0000E-03,+7.2142E-03,-333.5E-06
+337.5000E-03,-2.4341E-03,-416.9E-06
+338.0000E-03,-16.7055E-03,-409.5E-06
+338.5000E-03,-28.4642E-03,-369.1E-06
+339.0000E-03,-40.2230E-03,-433.0E-06
+339.5000E-03,-51.0773E-03,-406.9E-06
+340.0000E-03,-65.7507E-03,-411.9E-06
+340.5000E-03,-75.3989E-03,-455.5E-06
+341.0000E-03,-87.5597E-03,-466.8E-06
+341.5000E-03,-97.2079E-03,-530.7E-06
+342.0000E-03,-114.3939E-03,-531.9E-06
+342.5000E-03,-124.0421E-03,-555.6E-06
+343.0000E-03,-134.2934E-03,-499.1E-06
+343.5000E-03,-148.3637E-03,-450.3E-06
+344.0000E-03,-160.5245E-03,-448.1E-06
+344.5000E-03,-170.7758E-03,-543.6E-06
+345.0000E-03,-184.8461E-03,-524.5E-06
+345.5000E-03,-198.4139E-03,-551.0E-06
+346.0000E-03,-209.1677E-03,-688.3E-06
+346.5000E-03,-221.3285E-03,-647.7E-06
+347.0000E-03,-235.9014E-03,-550.8E-06
+347.5000E-03,-245.6501E-03,-557.6E-06
+348.0000E-03,-259.4190E-03,-587.2E-06
+348.5000E-03,-271.1778E-03,-612.9E-06
+349.0000E-03,-284.6451E-03,-717.8E-06
+349.5000E-03,-294.6954E-03,-631.8E-06
+350.0000E-03,-308.9667E-03,-552.6E-06
+350.5000E-03,-321.1275E-03,-598.8E-06
+351.0000E-03,-332.4843E-03,-619.1E-06
+351.5000E-03,-345.4491E-03,-708.6E-06
+352.0000E-03,-357.6099E-03,-685.9E-06
+352.5000E-03,-367.2582E-03,-699.3E-06
+353.0000E-03,-376.9064E-03,-731.3E-06
+353.5000E-03,-388.7658E-03,-706.2E-06
+354.0000E-03,-400.5245E-03,-715.4E-06
+354.5000E-03,-410.8763E-03,-642.1E-06
+355.0000E-03,-421.5296E-03,-634.0E-06
+355.5000E-03,-430.7758E-03,-697.7E-06
+356.0000E-03,-442.3336E-03,-654.3E-06
+356.5000E-03,-454.2934E-03,-640.6E-06
+357.0000E-03,-464.1426E-03,-728.9E-06
+357.5000E-03,-476.3034E-03,-761.7E-06
+358.0000E-03,-487.0572E-03,-753.6E-06
+358.5000E-03,-498.1125E-03,-747.8E-06
+359.0000E-03,-507.7607E-03,-774.5E-06
+359.5000E-03,-517.5094E-03,-860.1E-06
+360.0000E-03,-527.0572E-03,-764.7E-06
+360.5000E-03,-536.7054E-03,-693.1E-06
+361.0000E-03,-548.8662E-03,-712.8E-06
+361.5000E-03,-558.5145E-03,-751.8E-06
+362.0000E-03,-567.7607E-03,-833.0E-06
+362.5000E-03,-577.8109E-03,-768.7E-06
+363.0000E-03,-587.4592E-03,-802.5E-06
+363.5000E-03,-595.3989E-03,-826.6E-06
+364.0000E-03,-604.2431E-03,-873.8E-06
+364.5000E-03,-610.4742E-03,-774.1E-06
+365.0000E-03,-618.5145E-03,-785.8E-06
+365.5000E-03,-630.5747E-03,-862.0E-06
+366.0000E-03,-637.8109E-03,-827.6E-06
+366.5000E-03,-644.9466E-03,-826.2E-06
+367.0000E-03,-650.6752E-03,-840.8E-06
+367.5000E-03,-659.2180E-03,-893.3E-06
+368.0000E-03,-668.2632E-03,-852.5E-06
+368.5000E-03,-676.0019E-03,-797.4E-06
+369.0000E-03,-683.3386E-03,-850.9E-06
+369.5000E-03,-690.2733E-03,-953.6E-06
+370.0000E-03,-698.4139E-03,-807.9E-06
+370.5000E-03,-705.6502E-03,-781.2E-06
+371.0000E-03,-713.4893E-03,-770.1E-06
+371.5000E-03,-718.8160E-03,-826.2E-06
+372.0000E-03,-725.9517E-03,-783.6E-06
+372.5000E-03,-730.5748E-03,-851.1E-06
+373.0000E-03,-736.1024E-03,-872.2E-06
+373.5000E-03,-742.3336E-03,-850.9E-06
+374.0000E-03,-749.4692E-03,-871.8E-06
+374.5000E-03,-753.6903E-03,-893.1E-06
+375.0000E-03,-758.7154E-03,-909.4E-06
+375.5000E-03,-763.7406E-03,-953.4E-06
+376.0000E-03,-768.7657E-03,-765.3E-06
+376.5000E-03,-773.7908E-03,-826.4E-06
+377.0000E-03,-778.8159E-03,-894.7E-06
+377.5000E-03,-783.8411E-03,-934.5E-06
+378.0000E-03,-788.8662E-03,-929.3E-06
+378.5000E-03,-791.3788E-03,-883.5E-06
+379.0000E-03,-796.4039E-03,-884.9E-06
+379.5000E-03,-800.3235E-03,-867.2E-06
+380.0000E-03,-803.9416E-03,-822.0E-06
+380.5000E-03,-804.5446E-03,-806.5E-06
+381.0000E-03,-808.9667E-03,-761.5E-06
+381.5000E-03,-808.9667E-03,-779.1E-06
+382.0000E-03,-813.9918E-03,-778.7E-06
+382.5000E-03,-815.4994E-03,-877.2E-06
+383.0000E-03,-816.5044E-03,-883.9E-06
+383.5000E-03,-819.0170E-03,-813.5E-06
+384.0000E-03,-821.5295E-03,-830.2E-06
+384.5000E-03,-823.9416E-03,-846.1E-06
+385.0000E-03,-824.5446E-03,-856.1E-06
+385.5000E-03,-824.0421E-03,-879.8E-06
+386.0000E-03,-826.5546E-03,-865.0E-06
+386.5000E-03,-829.0672E-03,-884.7E-06
+387.0000E-03,-829.0672E-03,-784.0E-06
+387.5000E-03,-829.0672E-03,-808.9E-06
+388.0000E-03,-829.4692E-03,-928.5E-06
+388.5000E-03,-829.0672E-03,-861.8E-06
+389.0000E-03,-829.0672E-03,-833.2E-06
+389.5000E-03,-829.0672E-03,-807.3E-06
+390.0000E-03,-829.0672E-03,-814.9E-06
+390.5000E-03,-826.6552E-03,-865.2E-06
+391.0000E-03,-826.5546E-03,-868.8E-06
+391.5000E-03,-824.0421E-03,-746.8E-06
+392.0000E-03,-824.0421E-03,-765.5E-06
+392.5000E-03,-821.5295E-03,-803.9E-06
+393.0000E-03,-819.0170E-03,-802.7E-06
+393.5000E-03,-816.5044E-03,-779.1E-06
+394.0000E-03,-814.1928E-03,-764.5E-06
+394.5000E-03,-813.9918E-03,-792.6E-06
+395.0000E-03,-811.4793E-03,-816.9E-06
+395.5000E-03,-808.9667E-03,-690.5E-06
+396.0000E-03,-806.4541E-03,-631.8E-06
+396.5000E-03,-803.9416E-03,-700.5E-06
+397.0000E-03,-801.4290E-03,-714.2E-06
+397.5000E-03,-796.9064E-03,-684.3E-06
+398.0000E-03,-792.2833E-03,-719.6E-06
+398.5000E-03,-790.1727E-03,-731.7E-06
+399.0000E-03,-785.5496E-03,-769.1E-06
+399.5000E-03,-781.3285E-03,-757.4E-06
+400.0000E-03,-776.3034E-03,-668.2E-06
+400.5000E-03,-771.2783E-03,-759.6E-06
+401.0000E-03,-767.0571E-03,-759.6E-06
+401.5000E-03,-762.4340E-03,-775.7E-06
+402.0000E-03,-756.2029E-03,-648.1E-06
+402.5000E-03,-751.1778E-03,-627.0E-06
+403.0000E-03,-746.0521E-03,-681.5E-06
+403.5000E-03,-738.9164E-03,-685.9E-06
+404.0000E-03,-731.7807E-03,-655.3E-06
+404.5000E-03,-728.5647E-03,-646.5E-06
+405.0000E-03,-721.0270E-03,-510.4E-06
+405.5000E-03,-715.3988E-03,-588.8E-06
+406.0000E-03,-708.2632E-03,-741.1E-06
+406.5000E-03,-701.1275E-03,-726.7E-06
+407.0000E-03,-693.9918E-03,-561.5E-06
+407.5000E-03,-685.8511E-03,-552.6E-06
+408.0000E-03,-678.3134E-03,-548.8E-06
+408.5000E-03,-670.0722E-03,-501.4E-06
+409.0000E-03,-660.4240E-03,-509.0E-06
+409.5000E-03,-655.7004E-03,-597.4E-06
+410.0000E-03,-648.6652E-03,-570.7E-06
+410.5000E-03,-640.6250E-03,-584.4E-06
+411.0000E-03,-631.8812E-03,-498.5E-06
+411.5000E-03,-624.7456E-03,-513.6E-06
+412.0000E-03,-612.5848E-03,-501.8E-06
+412.5000E-03,-607.9616E-03,-462.2E-06
+413.0000E-03,-597.9114E-03,-472.8E-06
+413.5000E-03,-588.6652E-03,-478.8E-06
+414.0000E-03,-579.0169E-03,-430.6E-06
+414.5000E-03,-569.3687E-03,-499.1E-06
+415.0000E-03,-560.2230E-03,-423.0E-06
+415.5000E-03,-552.5848E-03,-416.5E-06
+416.0000E-03,-540.7254E-03,-329.7E-06
+416.5000E-03,-530.0722E-03,-337.3E-06
+417.0000E-03,-521.1275E-03,-339.3E-06
+417.5000E-03,-510.4742E-03,-377.7E-06
+418.0000E-03,-499.3184E-03,-397.4E-06
+418.5000E-03,-489.6702E-03,-428.4E-06
+419.0000E-03,-479.8210E-03,-336.3E-06
+419.5000E-03,-468.4641E-03,-387.2E-06
+420.0000E-03,-455.7003E-03,-282.3E-06
+420.5000E-03,-446.0521E-03,-275.2E-06
+421.0000E-03,-435.7003E-03,-378.5E-06
+421.5000E-03,-424.2431E-03,-427.0E-06
+422.0000E-03,-412.1827E-03,-451.7E-06
+422.5000E-03,-402.9365E-03,-570.7E-06
+423.0000E-03,-391.1777E-03,-301.2E-06
+423.5000E-03,-380.6250E-03,-25.4E-06
+424.0000E-03,-368.4642E-03,-144.4E-06
+424.5000E-03,-361.3285E-03,-75.8E-06
+425.0000E-03,-349.1677E-03,-210.9E-06
+425.5000E-03,-334.8963E-03,-229.2E-06
+426.0000E-03,-324.8461E-03,-202.9E-06
+426.5000E-03,-313.8913E-03,-183.8E-06
+427.0000E-03,-299.6199E-03,-17.3E-06
+427.5000E-03,-288.3637E-03,-235.0E-06
+428.0000E-03,-273.6903E-03,-141.1E-06
+428.5000E-03,-264.0421E-03,-304.8E-06
+429.0000E-03,-249.3687E-03,-345.0E-06
+429.5000E-03,-237.2079E-03,-82.1E-06
+430.0000E-03,-225.0471E-03,+51.4E-06
+430.5000E-03,-212.2832E-03,-45.3E-06
+431.0000E-03,-200.7255E-03,-177.1E-06
+431.5000E-03,-188.5647E-03,-53.5E-06
+432.0000E-03,-175.0973E-03,-81.7E-06
+432.5000E-03,-164.2431E-03,-85.3E-06
+433.0000E-03,-150.9767E-03,-42.3E-06
+433.5000E-03,-137.4089E-03,-81.5E-06
+434.0000E-03,-127.7606E-03,-51.9E-06
+434.5000E-03,-118.0119E-03,-55.7E-06
+435.0000E-03,-103.9415E-03,-44.1E-06
+435.5000E-03,-91.2782E-03,+5.4E-06
+436.0000E-03,-81.6300E-03,+57.0E-06
+436.5000E-03,-69.4692E-03,-4.5E-06
+437.0000E-03,-54.7958E-03,+102.5E-06
+437.5000E-03,-42.6350E-03,+145.9E-06
+438.0000E-03,-32.9868E-03,+115.3E-06
+438.5000E-03,-19.1174E-03,+126.2E-06
+439.0000E-03,-8.6652E-03,+115.5E-06
+439.5000E-03,+3.4956E-03,+54.2E-06
+440.0000E-03,+17.6665E-03,+55.4E-06
+440.5000E-03,+30.3298E-03,+121.6E-06
+441.0000E-03,+42.4906E-03,+185.3E-06
+441.5000E-03,+54.6514E-03,+151.5E-06
+442.0000E-03,+68.2193E-03,+58.6E-06
+442.5000E-03,+81.4856E-03,+117.7E-06
+443.0000E-03,+91.7369E-03,+149.1E-06
+443.5000E-03,+105.8072E-03,+92.8E-06
+444.0000E-03,+117.9680E-03,+126.6E-06
+444.5000E-03,+130.1288E-03,+179.3E-06
+445.0000E-03,+144.8022E-03,+186.1E-06
+445.5000E-03,+156.9630E-03,+145.7E-06
+446.0000E-03,+166.6112E-03,+53.6E-06
+446.5000E-03,+181.2846E-03,+120.0E-06
+447.0000E-03,+193.4454E-03,+57.8E-06
+447.5000E-03,+205.1037E-03,+206.2E-06
+448.0000E-03,+217.7670E-03,+249.6E-06
+448.5000E-03,+232.4404E-03,+212.6E-06
+449.0000E-03,+242.0886E-03,+235.1E-06
+449.5000E-03,+256.7620E-03,+318.7E-06
+450.0000E-03,+268.9228E-03,+402.2E-06
+450.5000E-03,+280.6816E-03,+340.5E-06
+451.0000E-03,+290.7318E-03,+220.3E-06
+451.5000E-03,+305.4052E-03,+254.0E-06
+452.0000E-03,+317.5660E-03,+282.8E-06
+452.5000E-03,+327.7168E-03,+206.2E-06
+453.0000E-03,+339.4756E-03,+242.6E-06
+453.5000E-03,+351.5358E-03,+283.2E-06
+454.0000E-03,+363.6966E-03,+311.1E-06
+454.5000E-03,+374.7519E-03,+336.0E-06
+455.0000E-03,+386.5107E-03,+302.7E-06
+455.5000E-03,+397.6665E-03,+293.4E-06
+456.0000E-03,+407.3147E-03,+244.4E-06
+456.5000E-03,+419.2746E-03,+230.9E-06
+457.0000E-03,+431.6363E-03,+331.0E-06
+457.5000E-03,+441.2846E-03,+381.1E-06
+458.0000E-03,+450.9328E-03,+373.6E-06
+458.5000E-03,+461.2846E-03,+378.4E-06
+459.0000E-03,+472.7419E-03,+401.0E-06
+459.5000E-03,+479.9780E-03,+462.9E-06
+460.0000E-03,+487.5157E-03,+351.9E-06
+460.5000E-03,+499.1740E-03,+287.0E-06
+461.0000E-03,+508.8223E-03,+366.6E-06
+461.5000E-03,+516.7620E-03,+371.2E-06
+462.0000E-03,+525.2041E-03,+410.6E-06
+462.5000E-03,+532.7419E-03,+367.0E-06
+463.0000E-03,+542.3901E-03,+362.2E-06
+463.5000E-03,+552.0383E-03,+429.1E-06
+464.0000E-03,+561.6866E-03,+390.5E-06
+464.5000E-03,+571.3348E-03,+461.9E-06
+465.0000E-03,+580.9831E-03,+404.2E-06
+465.5000E-03,+590.5308E-03,+466.7E-06
+466.0000E-03,+598.0685E-03,+431.7E-06
+466.5000E-03,+607.4152E-03,+452.6E-06
+467.0000E-03,+614.5509E-03,+451.2E-06
+467.5000E-03,+624.1991E-03,+497.6E-06
+468.0000E-03,+631.3348E-03,+415.4E-06
+468.5000E-03,+638.4705E-03,+435.3E-06
+469.0000E-03,+645.8072E-03,+433.7E-06
+469.5000E-03,+652.7419E-03,+381.3E-06
+470.0000E-03,+659.8775E-03,+464.5E-06
+470.5000E-03,+668.4202E-03,+572.8E-06
+471.0000E-03,+674.1489E-03,+551.5E-06
+471.5000E-03,+680.9830E-03,+479.4E-06
+472.0000E-03,+686.0082E-03,+454.4E-06
+472.5000E-03,+693.0434E-03,+419.3E-06
+473.0000E-03,+700.1790E-03,+458.2E-06
+473.5000E-03,+704.8022E-03,+473.5E-06
+474.0000E-03,+711.1338E-03,+472.5E-06
+474.5000E-03,+718.6715E-03,+523.6E-06
+475.0000E-03,+721.1841E-03,+557.9E-06
+475.5000E-03,+726.2092E-03,+386.1E-06
+476.0000E-03,+729.6263E-03,+535.0E-06
+476.5000E-03,+732.5409E-03,+455.0E-06
+477.0000E-03,+738.7720E-03,+496.4E-06
+477.5000E-03,+744.2996E-03,+549.9E-06
+478.0000E-03,+748.9228E-03,+529.8E-06
+478.5000E-03,+753.5459E-03,+455.8E-06
+479.0000E-03,+756.3599E-03,+464.7E-06
+479.5000E-03,+761.3850E-03,+492.2E-06
+480.0000E-03,+763.8976E-03,+528.8E-06
+480.5000E-03,+766.4102E-03,+503.3E-06
+481.0000E-03,+771.4353E-03,+515.1E-06
+481.5000E-03,+773.9479E-03,+549.1E-06
+482.0000E-03,+775.8574E-03,+568.4E-06
+482.5000E-03,+778.9730E-03,+444.4E-06
+483.0000E-03,+781.4855E-03,+405.0E-06
+483.5000E-03,+782.1891E-03,+469.3E-06
+484.0000E-03,+784.2996E-03,+432.5E-06
+484.5000E-03,+786.5107E-03,+497.4E-06
+485.0000E-03,+789.0232E-03,+476.5E-06
+485.5000E-03,+789.9277E-03,+463.9E-06
+486.0000E-03,+791.5358E-03,+482.6E-06
+486.5000E-03,+791.5358E-03,+500.1E-06
+487.0000E-03,+794.0484E-03,+450.8E-06
+487.5000E-03,+794.0484E-03,+512.7E-06
+488.0000E-03,+794.0484E-03,+414.0E-06
+488.5000E-03,+794.0484E-03,+462.9E-06
+489.0000E-03,+794.0484E-03,+458.2E-06
+489.5000E-03,+794.0484E-03,+423.7E-06
+490.0000E-03,+794.0484E-03,+375.0E-06
+490.5000E-03,+793.9478E-03,+417.8E-06
+491.0000E-03,+791.5358E-03,+405.4E-06
+491.5000E-03,+789.0232E-03,+356.3E-06
+492.0000E-03,+789.0232E-03,+346.5E-06
+492.5000E-03,+786.5107E-03,+448.4E-06
+493.0000E-03,+783.9981E-03,+440.0E-06
+493.5000E-03,+781.4855E-03,+428.5E-06
+494.0000E-03,+779.1740E-03,+396.7E-06
+494.5000E-03,+776.4604E-03,+402.2E-06
+495.0000E-03,+774.9529E-03,+389.1E-06
+495.5000E-03,+771.4353E-03,+338.0E-06
+496.0000E-03,+768.9227E-03,+307.5E-06
+496.5000E-03,+766.1086E-03,+387.1E-06
+497.0000E-03,+763.8976E-03,+383.1E-06
+497.5000E-03,+759.3750E-03,+344.9E-06
+498.0000E-03,+757.2644E-03,+335.8E-06
+498.5000E-03,+751.3348E-03,+342.5E-06
+499.0000E-03,+748.0182E-03,+332.8E-06
+499.5000E-03,+741.2845E-03,+262.3E-06
